Day,OT_Scripture_Readings,NT_Scripture_Readings,OT_URL,NT_URL,Video_URLs
1,Genesis 1; Genesis 2,2 Timothy 3,https://www.bible.com/reading-plans/13630-bibleproject-old-testament-in-a-year/day/1,https://www.bible.com/reading-plans/13233-bibleproject-new-testament-in-one-year/day/1,https://www.youtube.com/embed/GQI72THyO5I | https://www.youtube.com/embed/YbipxLDtY8c | https://www.youtube.com/embed/Q0BrP8bqj0c
2,Genesis 3; Genesis 4,Matthew 1,https://www.bible.com/reading-plans/13630-bibleproject-old-testament-in-a-year/day/2,https://www.bible.com/reading-plans/13233-bibleproject-new-testament-in-one-year/day/2,https://www.youtube.com/embed/3dEh25pduQ8 | https://www.youtube.com/embed/3Dv4-n6OYGI
3,Genesis 5; Genesis 6,Matthew 2,https://www.bible.com/reading-plans/13630-bibleproject-old-testament-in-a-year/day/3,https://www.bible.com/reading-plans/13233-bibleproject-new-testament-in-one-year/day/3,
4,Genesis 7; Genesis 8; Genesis 9,Matthew 3,https://www.bible.com/reading-plans/13630-bibleproject-old-testament-in-a-year/day/4,https://www.bible.com/reading-plans/13233-bibleproject-new-testament-in-one-year/day/4,https://www.youtube.com/embed/6v4jKkFj3TI?rel=0
5,Genesis 10; Genesis 11,Matthew 4,https://www.bible.com/reading-plans/13630-bibleproject-old-testament-in-a-year/day/5,https://www.bible.com/reading-plans/13233-bibleproject-new-testament-in-one-year/day/5,
6,Genesis 12; Genesis 13; Genesis 14,Matthew 5,https://www.bible.com/reading-plans/13630-bibleproject-old-testament-in-a-year/day/6,https://www.bible.com/reading-plans/13233-bibleproject-new-testament-in-one-year/day/6,https://www.youtube.com/embed/F4isSyennFo
7,Genesis 15; Genesis 16,Matthew 5,https://www.bible.com/reading-plans/13630-bibleproject-old-testament-in-a-year/day/7,https://www.bible.com/reading-plans/13233-bibleproject-new-testament-in-one-year/day/7,https://www.youtube.com/embed/VpbWbyx1008
8,Genesis 17; Genesis 18,Matthew 6,https://www.bible.com/reading-plans/13630-bibleproject-old-testament-in-a-year/day/8,https://www.bible.com/reading-plans/13233-bibleproject-new-testament-in-one-year/day/8,
9,Genesis 19; Genesis 20,Matthew 7,https://www.bible.com/reading-plans/13630-bibleproject-old-testament-in-a-year/day/9,https://www.bible.com/reading-plans/13233-bibleproject-new-testament-in-one-year/day/9,
10,Genesis 21; Genesis 22,Matthew 8,https://www.bible.com/reading-plans/13630-bibleproject-old-testament-in-a-year/day/10,https://www.bible.com/reading-plans/13233-bibleproject-new-testament-in-one-year/day/10,
11,Genesis 23; Genesis 24,Matthew 9,https://www.bible.com/reading-plans/13630-bibleproject-old-testament-in-a-year/day/11,https://www.bible.com/reading-plans/13233-bibleproject-new-testament-in-one-year/day/11,
12,Genesis 25; Genesis 26,Matthew 9,https://www.bible.com/reading-plans/13630-bibleproject-old-testament-in-a-year/day/12,https://www.bible.com/reading-plans/13233-bibleproject-new-testament-in-one-year/day/12,
13,Genesis 27; Genesis 28,Matthew 10,https://www.bible.com/reading-plans/13630-bibleproject-old-testament-in-a-year/day/13,https://www.bible.com/reading-plans/13233-bibleproject-new-testament-in-one-year/day/13,
14,Genesis 29; Genesis 30,Matthew 10,https://www.bible.com/reading-plans/13630-bibleproject-old-testament-in-a-year/day/14,https://www.bible.com/reading-plans/13233-bibleproject-new-testament-in-one-year/day/14,
15,Genesis 31; Genesis 32,Matthew 11,https://www.bible.com/reading-plans/13630-bibleproject-old-testament-in-a-year/day/15,https://www.bible.com/reading-plans/13233-bibleproject-new-testament-in-one-year/day/15,
16,Genesis 33; Genesis 34,Matthew 12,https://www.bible.com/reading-plans/13630-bibleproject-old-testament-in-a-year/day/16,https://www.bible.com/reading-plans/13233-bibleproject-new-testament-in-one-year/day/16,
17,Genesis 35; Genesis 36,Matthew 12,https://www.bible.com/reading-plans/13630-bibleproject-old-testament-in-a-year/day/17,https://www.bible.com/reading-plans/13233-bibleproject-new-testament-in-one-year/day/17,
18,Genesis 37; Genesis 38,Matthew 13,https://www.bible.com/reading-plans/13630-bibleproject-old-testament-in-a-year/day/18,https://www.bible.com/reading-plans/13233-bibleproject-new-testament-in-one-year/day/18,
19,Genesis 39; Genesis 40; Genesis 41,Matthew 13,https://www.bible.com/reading-plans/13630-bibleproject-old-testament-in-a-year/day/19,https://www.bible.com/reading-plans/13233-bibleproject-new-testament-in-one-year/day/19,
20,Genesis 42; Genesis 43; Genesis 44,Matthew 14,https://www.bible.com/reading-plans/13630-bibleproject-old-testament-in-a-year/day/20,https://www.bible.com/reading-plans/13233-bibleproject-new-testament-in-one-year/day/20,https://www.youtube.com/embed/GGCF3OPWN14
21,Genesis 45; Genesis 46; Genesis 47,Matthew 14,https://www.bible.com/reading-plans/13630-bibleproject-old-testament-in-a-year/day/21,https://www.bible.com/reading-plans/13233-bibleproject-new-testament-in-one-year/day/21,
22,Genesis 48; Genesis 49; Genesis 50,Matthew 15,https://www.bible.com/reading-plans/13630-bibleproject-old-testament-in-a-year/day/22,https://www.bible.com/reading-plans/13233-bibleproject-new-testament-in-one-year/day/22,
23,Exodus 1; Exodus 2,Matthew 15,https://www.bible.com/reading-plans/13630-bibleproject-old-testament-in-a-year/day/23,https://www.bible.com/reading-plans/13233-bibleproject-new-testament-in-one-year/day/23,https://www.youtube.com/embed/jH_aojNJM3E
24,Exodus 3; Exodus 4,Matthew 16,https://www.bible.com/reading-plans/13630-bibleproject-old-testament-in-a-year/day/24,https://www.bible.com/reading-plans/13233-bibleproject-new-testament-in-one-year/day/24,
25,Exodus 5; Exodus 6,Matthew 17,https://www.bible.com/reading-plans/13630-bibleproject-old-testament-in-a-year/day/25,https://www.bible.com/reading-plans/13233-bibleproject-new-testament-in-one-year/day/25,
26,Exodus 7; Exodus 8; Exodus 9,Matthew 18,https://www.bible.com/reading-plans/13630-bibleproject-old-testament-in-a-year/day/26,https://www.bible.com/reading-plans/13233-bibleproject-new-testament-in-one-year/day/26,
27,Exodus 10; Exodus 11,Matthew 18,https://www.bible.com/reading-plans/13630-bibleproject-old-testament-in-a-year/day/27,https://www.bible.com/reading-plans/13233-bibleproject-new-testament-in-one-year/day/27,
28,Exodus 12; Exodus 13; Exodus 14,Matthew 19,https://www.bible.com/reading-plans/13630-bibleproject-old-testament-in-a-year/day/28,https://www.bible.com/reading-plans/13233-bibleproject-new-testament-in-one-year/day/28,
29,Exodus 15; Exodus 16,Matthew 19,https://www.bible.com/reading-plans/13630-bibleproject-old-testament-in-a-year/day/29,https://www.bible.com/reading-plans/13233-bibleproject-new-testament-in-one-year/day/29,
30,Exodus 17; Exodus 18,Matthew 20,https://www.bible.com/reading-plans/13630-bibleproject-old-testament-in-a-year/day/30,https://www.bible.com/reading-plans/13233-bibleproject-new-testament-in-one-year/day/30,
31,Exodus 19; Exodus 20; Exodus 21,Matthew 20,https://www.bible.com/reading-plans/13630-bibleproject-old-testament-in-a-year/day/31,https://www.bible.com/reading-plans/13233-bibleproject-new-testament-in-one-year/day/31,https://www.youtube.com/embed/oNpTha80yyE
32,Exodus 22; Exodus 23; Exodus 24,Matthew 21,https://www.bible.com/reading-plans/13630-bibleproject-old-testament-in-a-year/day/32,https://www.bible.com/reading-plans/13233-bibleproject-new-testament-in-one-year/day/32,https://www.youtube.com/embed/3BGO9Mmd_cU
33,Exodus 25; Exodus 26; Exodus 27,Matthew 21,https://www.bible.com/reading-plans/13630-bibleproject-old-testament-in-a-year/day/33,https://www.bible.com/reading-plans/13233-bibleproject-new-testament-in-one-year/day/33,
34,Exodus 28; Exodus 29; Exodus 30,Matthew 22,https://www.bible.com/reading-plans/13630-bibleproject-old-testament-in-a-year/day/34,https://www.bible.com/reading-plans/13233-bibleproject-new-testament-in-one-year/day/34,
35,Exodus 31; Exodus 32; Exodus 33,Matthew 22,https://www.bible.com/reading-plans/13630-bibleproject-old-testament-in-a-year/day/35,https://www.bible.com/reading-plans/13233-bibleproject-new-testament-in-one-year/day/35,
36,Exodus 34; Exodus 35; Exodus 36,Matthew 23,https://www.bible.com/reading-plans/13630-bibleproject-old-testament-in-a-year/day/36,https://www.bible.com/reading-plans/13233-bibleproject-new-testament-in-one-year/day/36,
37,Exodus 37; Exodus 38,Matthew 23,https://www.bible.com/reading-plans/13630-bibleproject-old-testament-in-a-year/day/37,https://www.bible.com/reading-plans/13233-bibleproject-new-testament-in-one-year/day/37,
38,Exodus 39; Exodus 40,Matthew 24,https://www.bible.com/reading-plans/13630-bibleproject-old-testament-in-a-year/day/38,https://www.bible.com/reading-plans/13233-bibleproject-new-testament-in-one-year/day/38,
39,Leviticus 1; Leviticus 2; Leviticus 3,Matthew 24,https://www.bible.com/reading-plans/13630-bibleproject-old-testament-in-a-year/day/39,https://www.bible.com/reading-plans/13233-bibleproject-new-testament-in-one-year/day/39,https://www.youtube.com/embed/IJ-FekWUZzE
40,Leviticus 4; Leviticus 5; Leviticus 6,Matthew 25,https://www.bible.com/reading-plans/13630-bibleproject-old-testament-in-a-year/day/40,https://www.bible.com/reading-plans/13233-bibleproject-new-testament-in-one-year/day/40,
41,Leviticus 7; Leviticus 8; Leviticus 9,Matthew 25,https://www.bible.com/reading-plans/13630-bibleproject-old-testament-in-a-year/day/41,https://www.bible.com/reading-plans/13233-bibleproject-new-testament-in-one-year/day/41,
42,Leviticus 10; Leviticus 11; Leviticus 12,Matthew 26,https://www.bible.com/reading-plans/13630-bibleproject-old-testament-in-a-year/day/42,https://www.bible.com/reading-plans/13233-bibleproject-new-testament-in-one-year/day/42,
43,Leviticus 13; Leviticus 14; Leviticus 15,Matthew 26,https://www.bible.com/reading-plans/13630-bibleproject-old-testament-in-a-year/day/43,https://www.bible.com/reading-plans/13233-bibleproject-new-testament-in-one-year/day/43,
44,Leviticus 16; Leviticus 17; Leviticus 18,Matthew 26,https://www.bible.com/reading-plans/13630-bibleproject-old-testament-in-a-year/day/44,https://www.bible.com/reading-plans/13233-bibleproject-new-testament-in-one-year/day/44,https://www.youtube.com/embed/G_OlRWGLdnw
45,,Matthew 27,https://www.bible.com/reading-plans/13630-bibleproject-old-testament-in-a-year/day/45,https://www.bible.com/reading-plans/13233-bibleproject-new-testament-in-one-year/day/45,
46,Leviticus 22; Leviticus 23; Leviticus 24,Matthew 27,https://www.bible.com/reading-plans/13630-bibleproject-old-testament-in-a-year/day/46,https://www.bible.com/reading-plans/13233-bibleproject-new-testament-in-one-year/day/46,
47,Leviticus 25; Leviticus 26; Leviticus 27,Matthew 28,https://www.bible.com/reading-plans/13630-bibleproject-old-testament-in-a-year/day/47,https://www.bible.com/reading-plans/13233-bibleproject-new-testament-in-one-year/day/47,https://www.youtube.com/embed/A14THPoc4-4 | https://www.youtube.com/embed/xmFPS0f-kzs
48,Numbers 1; Numbers 2,Mark 1,https://www.bible.com/reading-plans/13630-bibleproject-old-testament-in-a-year/day/48,https://www.bible.com/reading-plans/13233-bibleproject-new-testament-in-one-year/day/48,https://www.youtube.com/embed/tp5MIrMZFqo | https://www.youtube.com/embed/HGHqu9-DtXk
49,Numbers 3; Numbers 4,Mark 1,https://www.bible.com/reading-plans/13630-bibleproject-old-testament-in-a-year/day/49,https://www.bible.com/reading-plans/13233-bibleproject-new-testament-in-one-year/day/49,
50,Numbers 5; Numbers 6,Mark 2,https://www.bible.com/reading-plans/13630-bibleproject-old-testament-in-a-year/day/50,https://www.bible.com/reading-plans/13233-bibleproject-new-testament-in-one-year/day/50,
51,Numbers 7; Numbers 8,Mark 3,https://www.bible.com/reading-plans/13630-bibleproject-old-testament-in-a-year/day/51,https://www.bible.com/reading-plans/13233-bibleproject-new-testament-in-one-year/day/51,
52,Numbers 9; Numbers 10; Numbers 11,Mark 4,https://www.bible.com/reading-plans/13630-bibleproject-old-testament-in-a-year/day/52,https://www.bible.com/reading-plans/13233-bibleproject-new-testament-in-one-year/day/52,
53,Numbers 12; Numbers 13; Numbers 14,Mark 4,https://www.bible.com/reading-plans/13630-bibleproject-old-testament-in-a-year/day/53,https://www.bible.com/reading-plans/13233-bibleproject-new-testament-in-one-year/day/53,
54,Numbers 15; Numbers 16,Mark 5,https://www.bible.com/reading-plans/13630-bibleproject-old-testament-in-a-year/day/54,https://www.bible.com/reading-plans/13233-bibleproject-new-testament-in-one-year/day/54,
55,Numbers 17; Numbers 18; Numbers 19,Mark 5,https://www.bible.com/reading-plans/13630-bibleproject-old-testament-in-a-year/day/55,https://www.bible.com/reading-plans/13233-bibleproject-new-testament-in-one-year/day/55,
56,Numbers 20; Numbers 21,Mark 6,https://www.bible.com/reading-plans/13630-bibleproject-old-testament-in-a-year/day/56,https://www.bible.com/reading-plans/13233-bibleproject-new-testament-in-one-year/day/56,
57,Numbers 22; Numbers 23; Numbers 24,Mark 6,https://www.bible.com/reading-plans/13630-bibleproject-old-testament-in-a-year/day/57,https://www.bible.com/reading-plans/13233-bibleproject-new-testament-in-one-year/day/57,
58,Numbers 25; Numbers 26,Mark 7,https://www.bible.com/reading-plans/13630-bibleproject-old-testament-in-a-year/day/58,https://www.bible.com/reading-plans/13233-bibleproject-new-testament-in-one-year/day/58,
59,Numbers 27; Numbers 28,Mark 7,https://www.bible.com/reading-plans/13630-bibleproject-old-testament-in-a-year/day/59,https://www.bible.com/reading-plans/13233-bibleproject-new-testament-in-one-year/day/59,
60,Numbers 29; Numbers 30,Mark 8,https://www.bible.com/reading-plans/13630-bibleproject-old-testament-in-a-year/day/60,https://www.bible.com/reading-plans/13233-bibleproject-new-testament-in-one-year/day/60,
61,Numbers 31; Numbers 32,Mark 8,https://www.bible.com/reading-plans/13630-bibleproject-old-testament-in-a-year/day/61,https://www.bible.com/reading-plans/13233-bibleproject-new-testament-in-one-year/day/61,
62,Numbers 33; Numbers 34,Mark 9,https://www.bible.com/reading-plans/13630-bibleproject-old-testament-in-a-year/day/62,https://www.bible.com/reading-plans/13233-bibleproject-new-testament-in-one-year/day/62,
63,Numbers 35; Numbers 36,Mark 9,https://www.bible.com/reading-plans/13630-bibleproject-old-testament-in-a-year/day/63,https://www.bible.com/reading-plans/13233-bibleproject-new-testament-in-one-year/day/63,
64,Deuteronomy 1; Deuteronomy 2,Mark 10,https://www.bible.com/reading-plans/13630-bibleproject-old-testament-in-a-year/day/64,https://www.bible.com/reading-plans/13233-bibleproject-new-testament-in-one-year/day/64,https://www.youtube.com/embed/q5QEH9bH8AU | https://www.youtube.com/embed/OVRixfameGY
65,Deuteronomy 3; Deuteronomy 4,Mark 10,https://www.bible.com/reading-plans/13630-bibleproject-old-testament-in-a-year/day/65,https://www.bible.com/reading-plans/13233-bibleproject-new-testament-in-one-year/day/65,
66,Deuteronomy 5; Deuteronomy 6,Mark 11,https://www.bible.com/reading-plans/13630-bibleproject-old-testament-in-a-year/day/66,https://www.bible.com/reading-plans/13233-bibleproject-new-testament-in-one-year/day/66,
67,Deuteronomy 7; Deuteronomy 8; Deuteronomy 9,Mark 11,https://www.bible.com/reading-plans/13630-bibleproject-old-testament-in-a-year/day/67,https://www.bible.com/reading-plans/13233-bibleproject-new-testament-in-one-year/day/67,
68,Deuteronomy 10; Deuteronomy 11,Mark 12,https://www.bible.com/reading-plans/13630-bibleproject-old-testament-in-a-year/day/68,https://www.bible.com/reading-plans/13233-bibleproject-new-testament-in-one-year/day/68,
69,Deuteronomy 12; Deuteronomy 13,Mark 12,https://www.bible.com/reading-plans/13630-bibleproject-old-testament-in-a-year/day/69,https://www.bible.com/reading-plans/13233-bibleproject-new-testament-in-one-year/day/69,
70,Deuteronomy 14; Deuteronomy 15,Mark 13,https://www.bible.com/reading-plans/13630-bibleproject-old-testament-in-a-year/day/70,https://www.bible.com/reading-plans/13233-bibleproject-new-testament-in-one-year/day/70,
71,Deuteronomy 16; Deuteronomy 17,Mark 13,https://www.bible.com/reading-plans/13630-bibleproject-old-testament-in-a-year/day/71,https://www.bible.com/reading-plans/13233-bibleproject-new-testament-in-one-year/day/71,
72,Deuteronomy 18; Deuteronomy 19,Mark 14,https://www.bible.com/reading-plans/13630-bibleproject-old-testament-in-a-year/day/72,https://www.bible.com/reading-plans/13233-bibleproject-new-testament-in-one-year/day/72,
73,Deuteronomy 20; Deuteronomy 21,Mark 14,https://www.bible.com/reading-plans/13630-bibleproject-old-testament-in-a-year/day/73,https://www.bible.com/reading-plans/13233-bibleproject-new-testament-in-one-year/day/73,
74,Deuteronomy 22; Deuteronomy 23,Mark 14,https://www.bible.com/reading-plans/13630-bibleproject-old-testament-in-a-year/day/74,https://www.bible.com/reading-plans/13233-bibleproject-new-testament-in-one-year/day/74,
75,Deuteronomy 24; Deuteronomy 25,Mark 15,https://www.bible.com/reading-plans/13630-bibleproject-old-testament-in-a-year/day/75,https://www.bible.com/reading-plans/13233-bibleproject-new-testament-in-one-year/day/75,
76,Deuteronomy 26; Deuteronomy 27,Mark 15,https://www.bible.com/reading-plans/13630-bibleproject-old-testament-in-a-year/day/76,https://www.bible.com/reading-plans/13233-bibleproject-new-testament-in-one-year/day/76,
77,Deuteronomy 28; Deuteronomy 29,Mark 16,https://www.bible.com/reading-plans/13630-bibleproject-old-testament-in-a-year/day/77,https://www.bible.com/reading-plans/13233-bibleproject-new-testament-in-one-year/day/77,
78,Deuteronomy 30; Deuteronomy 31; Deuteronomy 32,Luke 1,https://www.bible.com/reading-plans/13630-bibleproject-old-testament-in-a-year/day/78,https://www.bible.com/reading-plans/13233-bibleproject-new-testament-in-one-year/day/78,https://www.youtube.com/embed/XIb_dCIxzr0
79,Deuteronomy 33; Deuteronomy 34,Luke 1,https://www.bible.com/reading-plans/13630-bibleproject-old-testament-in-a-year/day/79,https://www.bible.com/reading-plans/13233-bibleproject-new-testament-in-one-year/day/79,
80,Joshua 1; Joshua 2,Luke 1,https://www.bible.com/reading-plans/13630-bibleproject-old-testament-in-a-year/day/80,https://www.bible.com/reading-plans/13233-bibleproject-new-testament-in-one-year/day/80,https://www.youtube.com/embed/JqOqJlFF_eU
81,Joshua 3; Joshua 4,Luke 2,https://www.bible.com/reading-plans/13630-bibleproject-old-testament-in-a-year/day/81,https://www.bible.com/reading-plans/13233-bibleproject-new-testament-in-one-year/day/81,https://www.youtube.com/embed/_OLezoUvOEQ
82,Joshua 5; Joshua 6,Luke 3,https://www.bible.com/reading-plans/13630-bibleproject-old-testament-in-a-year/day/82,https://www.bible.com/reading-plans/13233-bibleproject-new-testament-in-one-year/day/82,https://www.youtube.com/embed/0k4GbvZUPuo
83,Joshua 7; Joshua 8; Joshua 9,Luke 4,https://www.bible.com/reading-plans/13630-bibleproject-old-testament-in-a-year/day/83,https://www.bible.com/reading-plans/13233-bibleproject-new-testament-in-one-year/day/83,
84,Joshua 10; Joshua 11; Joshua 12,Luke 4,https://www.bible.com/reading-plans/13630-bibleproject-old-testament-in-a-year/day/84,https://www.bible.com/reading-plans/13233-bibleproject-new-testament-in-one-year/day/84,
85,Joshua 13; Joshua 14; Joshua 15,Luke 5,https://www.bible.com/reading-plans/13630-bibleproject-old-testament-in-a-year/day/85,https://www.bible.com/reading-plans/13233-bibleproject-new-testament-in-one-year/day/85,
86,Joshua 16; Joshua 17,Luke 5,https://www.bible.com/reading-plans/13630-bibleproject-old-testament-in-a-year/day/86,https://www.bible.com/reading-plans/13233-bibleproject-new-testament-in-one-year/day/86,
87,Joshua 18; Joshua 19; Joshua 20,Luke 6,https://www.bible.com/reading-plans/13630-bibleproject-old-testament-in-a-year/day/87,https://www.bible.com/reading-plans/13233-bibleproject-new-testament-in-one-year/day/87,
88,Joshua 21; Joshua 22,Luke 6,https://www.bible.com/reading-plans/13630-bibleproject-old-testament-in-a-year/day/88,https://www.bible.com/reading-plans/13233-bibleproject-new-testament-in-one-year/day/88,
89,Joshua 23; Joshua 24,Luke 7,https://www.bible.com/reading-plans/13630-bibleproject-old-testament-in-a-year/day/89,https://www.bible.com/reading-plans/13233-bibleproject-new-testament-in-one-year/day/89,
90,Judges 1; Judges 2; Judges 3,Luke 7,https://www.bible.com/reading-plans/13630-bibleproject-old-testament-in-a-year/day/90,https://www.bible.com/reading-plans/13233-bibleproject-new-testament-in-one-year/day/90,https://www.youtube.com/embed/kOYy8iCfIJ4
91,Judges 4; Judges 5; Judges 6,Luke 8,https://www.bible.com/reading-plans/13630-bibleproject-old-testament-in-a-year/day/91,https://www.bible.com/reading-plans/13233-bibleproject-new-testament-in-one-year/day/91,
92,Judges 7; Judges 8; Judges 9,Luke 8,https://www.bible.com/reading-plans/13630-bibleproject-old-testament-in-a-year/day/92,https://www.bible.com/reading-plans/13233-bibleproject-new-testament-in-one-year/day/92,
93,Judges 10; Judges 11; Judges 12,Luke 9,https://www.bible.com/reading-plans/13630-bibleproject-old-testament-in-a-year/day/93,https://www.bible.com/reading-plans/13233-bibleproject-new-testament-in-one-year/day/93,https://www.youtube.com/embed/jUCCUHurV0I
94,Judges 13; Judges 14; Judges 15,Luke 9,https://www.bible.com/reading-plans/13630-bibleproject-old-testament-in-a-year/day/94,https://www.bible.com/reading-plans/13233-bibleproject-new-testament-in-one-year/day/94,
95,Judges 16; Judges 17; Judges 18,Luke 10,https://www.bible.com/reading-plans/13630-bibleproject-old-testament-in-a-year/day/95,https://www.bible.com/reading-plans/13233-bibleproject-new-testament-in-one-year/day/95,https://www.youtube.com/embed/26z_KhwNdD8
96,Judges 19; Judges 20; Judges 21,Luke 10,https://www.bible.com/reading-plans/13630-bibleproject-old-testament-in-a-year/day/96,https://www.bible.com/reading-plans/13233-bibleproject-new-testament-in-one-year/day/96,
97,Ruth 1; Ruth 2; Ruth 3; Ruth 4,Luke 11,https://www.bible.com/reading-plans/13630-bibleproject-old-testament-in-a-year/day/97,https://www.bible.com/reading-plans/13233-bibleproject-new-testament-in-one-year/day/97,https://www.youtube.com/embed/0h1eoBeR4Jk
98,1 Samuel 1; 1 Samuel 2; 1 Samuel 3,Luke 11,https://www.bible.com/reading-plans/13630-bibleproject-old-testament-in-a-year/day/98,https://www.bible.com/reading-plans/13233-bibleproject-new-testament-in-one-year/day/98,https://www.youtube.com/embed/QJOju5Dw0V0
99,1 Samuel 4; 1 Samuel 5; 1 Samuel 6,Luke 12,https://www.bible.com/reading-plans/13630-bibleproject-old-testament-in-a-year/day/99,https://www.bible.com/reading-plans/13233-bibleproject-new-testament-in-one-year/day/99,
100,1 Samuel 7; 1 Samuel 8; 1 Samuel 9,Luke 12,https://www.bible.com/reading-plans/13630-bibleproject-old-testament-in-a-year/day/100,https://www.bible.com/reading-plans/13233-bibleproject-new-testament-in-one-year/day/100,
101,1 Samuel 10; 1 Samuel 11; 1 Samuel 12,Luke 13,https://www.bible.com/reading-plans/13630-bibleproject-old-testament-in-a-year/day/101,https://www.bible.com/reading-plans/13233-bibleproject-new-testament-in-one-year/day/101,
102,1 Samuel 13; 1 Samuel 14; 1 Samuel 15,Luke 13,https://www.bible.com/reading-plans/13630-bibleproject-old-testament-in-a-year/day/102,https://www.bible.com/reading-plans/13233-bibleproject-new-testament-in-one-year/day/102,
103,1 Samuel 16; 1 Samuel 17; 1 Samuel 18,Luke 14,https://www.bible.com/reading-plans/13630-bibleproject-old-testament-in-a-year/day/103,https://www.bible.com/reading-plans/13233-bibleproject-new-testament-in-one-year/day/103,
104,1 Samuel 19; 1 Samuel 20,Luke 14,https://www.bible.com/reading-plans/13630-bibleproject-old-testament-in-a-year/day/104,https://www.bible.com/reading-plans/13233-bibleproject-new-testament-in-one-year/day/104,
105,1 Samuel 21; 1 Samuel 22; 1 Samuel 23,Luke 15,https://www.bible.com/reading-plans/13630-bibleproject-old-testament-in-a-year/day/105,https://www.bible.com/reading-plans/13233-bibleproject-new-testament-in-one-year/day/105,
106,1 Samuel 24; 1 Samuel 25; 1 Samuel 26,Luke 15,https://www.bible.com/reading-plans/13630-bibleproject-old-testament-in-a-year/day/106,https://www.bible.com/reading-plans/13233-bibleproject-new-testament-in-one-year/day/106,
107,1 Samuel 27; 1 Samuel 28; 1 Samuel 29,Luke 16,https://www.bible.com/reading-plans/13630-bibleproject-old-testament-in-a-year/day/107,https://www.bible.com/reading-plans/13233-bibleproject-new-testament-in-one-year/day/107,
108,1 Samuel 30; 1 Samuel 31,Luke 16,https://www.bible.com/reading-plans/13630-bibleproject-old-testament-in-a-year/day/108,https://www.bible.com/reading-plans/13233-bibleproject-new-testament-in-one-year/day/108,
109,2 Samuel 1; 2 Samuel 2; 2 Samuel 3,Luke 17,https://www.bible.com/reading-plans/13630-bibleproject-old-testament-in-a-year/day/109,https://www.bible.com/reading-plans/13233-bibleproject-new-testament-in-one-year/day/109,https://www.youtube.com/embed/YvoWDXNDJgs
110,2 Samuel 4; 2 Samuel 5; 2 Samuel 6,Luke 17,https://www.bible.com/reading-plans/13630-bibleproject-old-testament-in-a-year/day/110,https://www.bible.com/reading-plans/13233-bibleproject-new-testament-in-one-year/day/110,
111,2 Samuel 7; 2 Samuel 8; 2 Samuel 9,Luke 18,https://www.bible.com/reading-plans/13630-bibleproject-old-testament-in-a-year/day/111,https://www.bible.com/reading-plans/13233-bibleproject-new-testament-in-one-year/day/111,
112,2 Samuel 10; 2 Samuel 11; 2 Samuel 12,Luke 18,https://www.bible.com/reading-plans/13630-bibleproject-old-testament-in-a-year/day/112,https://www.bible.com/reading-plans/13233-bibleproject-new-testament-in-one-year/day/112,
113,2 Samuel 13; 2 Samuel 14; 2 Samuel 15,Luke 19,https://www.bible.com/reading-plans/13630-bibleproject-old-testament-in-a-year/day/113,https://www.bible.com/reading-plans/13233-bibleproject-new-testament-in-one-year/day/113,https://www.youtube.com/embed/_unHmAf7INk
114,2 Samuel 16; 2 Samuel 17; 2 Samuel 18,Luke 19,https://www.bible.com/reading-plans/13630-bibleproject-old-testament-in-a-year/day/114,https://www.bible.com/reading-plans/13233-bibleproject-new-testament-in-one-year/day/114,
115,2 Samuel 19; 2 Samuel 20,Luke 20,https://www.bible.com/reading-plans/13630-bibleproject-old-testament-in-a-year/day/115,https://www.bible.com/reading-plans/13233-bibleproject-new-testament-in-one-year/day/115,
116,2 Samuel 21; 2 Samuel 22,Luke 20,https://www.bible.com/reading-plans/13630-bibleproject-old-testament-in-a-year/day/116,https://www.bible.com/reading-plans/13233-bibleproject-new-testament-in-one-year/day/116,
117,2 Samuel 23; 2 Samuel 24,Luke 21,https://www.bible.com/reading-plans/13630-bibleproject-old-testament-in-a-year/day/117,https://www.bible.com/reading-plans/13233-bibleproject-new-testament-in-one-year/day/117,
118,1 Kings 1; 1 Kings 2; 1 Kings 3,Luke 21,https://www.bible.com/reading-plans/13630-bibleproject-old-testament-in-a-year/day/118,https://www.bible.com/reading-plans/13233-bibleproject-new-testament-in-one-year/day/118,https://www.youtube.com/embed/bVFW3wbi9pk
119,1 Kings 4; 1 Kings 5; 1 Kings 6,Luke 22,https://www.bible.com/reading-plans/13630-bibleproject-old-testament-in-a-year/day/119,https://www.bible.com/reading-plans/13233-bibleproject-new-testament-in-one-year/day/119,
120,1 Kings 7; 1 Kings 8,Luke 22,https://www.bible.com/reading-plans/13630-bibleproject-old-testament-in-a-year/day/120,https://www.bible.com/reading-plans/13233-bibleproject-new-testament-in-one-year/day/120,
121,1 Kings 9; 1 Kings 10; 1 Kings 11,Luke 22,https://www.bible.com/reading-plans/13630-bibleproject-old-testament-in-a-year/day/121,https://www.bible.com/reading-plans/13233-bibleproject-new-testament-in-one-year/day/121,
122,1 Kings 12; 1 Kings 13; 1 Kings 14,Luke 23,https://www.bible.com/reading-plans/13630-bibleproject-old-testament-in-a-year/day/122,https://www.bible.com/reading-plans/13233-bibleproject-new-testament-in-one-year/day/122,
123,1 Kings 15; 1 Kings 16,Luke 23,https://www.bible.com/reading-plans/13630-bibleproject-old-testament-in-a-year/day/123,https://www.bible.com/reading-plans/13233-bibleproject-new-testament-in-one-year/day/123,
124,1 Kings 17; 1 Kings 18,Luke 24,https://www.bible.com/reading-plans/13630-bibleproject-old-testament-in-a-year/day/124,https://www.bible.com/reading-plans/13233-bibleproject-new-testament-in-one-year/day/124,https://www.youtube.com/embed/Vb24Lk1Oh5M
125,1 Kings 19; 1 Kings 20,Luke 24,https://www.bible.com/reading-plans/13630-bibleproject-old-testament-in-a-year/day/125,https://www.bible.com/reading-plans/13233-bibleproject-new-testament-in-one-year/day/125,
126,1 Kings 21; 1 Kings 22,John 1,https://www.bible.com/reading-plans/13630-bibleproject-old-testament-in-a-year/day/126,https://www.bible.com/reading-plans/13233-bibleproject-new-testament-in-one-year/day/126,https://www.youtube.com/embed/G-2e9mMf7E8
127,2 Kings 1; 2 Kings 2; 2 Kings 3,John 1,https://www.bible.com/reading-plans/13630-bibleproject-old-testament-in-a-year/day/127,https://www.bible.com/reading-plans/13233-bibleproject-new-testament-in-one-year/day/127,
128,,John 2,https://www.bible.com/reading-plans/13630-bibleproject-old-testament-in-a-year/day/128,https://www.bible.com/reading-plans/13233-bibleproject-new-testament-in-one-year/day/128,
129,2 Kings 7; 2 Kings 8,John 3,https://www.bible.com/reading-plans/13630-bibleproject-old-testament-in-a-year/day/129,https://www.bible.com/reading-plans/13233-bibleproject-new-testament-in-one-year/day/129,
130,2 Kings 9; 2 Kings 10; 2 Kings 11,John 3,https://www.bible.com/reading-plans/13630-bibleproject-old-testament-in-a-year/day/130,https://www.bible.com/reading-plans/13233-bibleproject-new-testament-in-one-year/day/130,
131,2 Kings 12; 2 Kings 13; 2 Kings 14,John 4,https://www.bible.com/reading-plans/13630-bibleproject-old-testament-in-a-year/day/131,https://www.bible.com/reading-plans/13233-bibleproject-new-testament-in-one-year/day/131,
132,2 Kings 15; 2 Kings 16; 2 Kings 17,John 4,https://www.bible.com/reading-plans/13630-bibleproject-old-testament-in-a-year/day/132,https://www.bible.com/reading-plans/13233-bibleproject-new-testament-in-one-year/day/132,https://www.youtube.com/embed/xSua9_WhQFE
133,2 Kings 18; 2 Kings 19; 2 Kings 20,John 5,https://www.bible.com/reading-plans/13630-bibleproject-old-testament-in-a-year/day/133,https://www.bible.com/reading-plans/13233-bibleproject-new-testament-in-one-year/day/133,
134,2 Kings 21; 2 Kings 22; 2 Kings 23,John 5,https://www.bible.com/reading-plans/13630-bibleproject-old-testament-in-a-year/day/134,https://www.bible.com/reading-plans/13233-bibleproject-new-testament-in-one-year/day/134,
135,2 Kings 24; 2 Kings 25,John 6,https://www.bible.com/reading-plans/13630-bibleproject-old-testament-in-a-year/day/135,https://www.bible.com/reading-plans/13233-bibleproject-new-testament-in-one-year/day/135,
136,1 Chronicles 1; 1 Chronicles 2; 1 Chronicles 3,John 6,https://www.bible.com/reading-plans/13630-bibleproject-old-testament-in-a-year/day/136,https://www.bible.com/reading-plans/13233-bibleproject-new-testament-in-one-year/day/136,https://www.youtube.com/embed/HR7xaHv3Ias
137,1 Chronicles 4; 1 Chronicles 5; 1 Chronicles 6,John 6,https://www.bible.com/reading-plans/13630-bibleproject-old-testament-in-a-year/day/137,https://www.bible.com/reading-plans/13233-bibleproject-new-testament-in-one-year/day/137,
138,1 Chronicles 7; 1 Chronicles 8; 1 Chronicles 9,John 7,https://www.bible.com/reading-plans/13630-bibleproject-old-testament-in-a-year/day/138,https://www.bible.com/reading-plans/13233-bibleproject-new-testament-in-one-year/day/138,
139,1 Chronicles 10; 1 Chronicles 11; 1 Chronicles 12,John 7,https://www.bible.com/reading-plans/13630-bibleproject-old-testament-in-a-year/day/139,https://www.bible.com/reading-plans/13233-bibleproject-new-testament-in-one-year/day/139,
140,1 Chronicles 13; 1 Chronicles 14; 1 Chronicles 15; 1 Chronicles 16,John 8,https://www.bible.com/reading-plans/13630-bibleproject-old-testament-in-a-year/day/140,https://www.bible.com/reading-plans/13233-bibleproject-new-testament-in-one-year/day/140,
141,1 Chronicles 17; 1 Chronicles 18; 1 Chronicles 19,John 8,https://www.bible.com/reading-plans/13630-bibleproject-old-testament-in-a-year/day/141,https://www.bible.com/reading-plans/13233-bibleproject-new-testament-in-one-year/day/141,
142,1 Chronicles 20; 1 Chronicles 21,John 8,https://www.bible.com/reading-plans/13630-bibleproject-old-testament-in-a-year/day/142,https://www.bible.com/reading-plans/13233-bibleproject-new-testament-in-one-year/day/142,
143,1 Chronicles 22; 1 Chronicles 23; 1 Chronicles 24,John 9,https://www.bible.com/reading-plans/13630-bibleproject-old-testament-in-a-year/day/143,https://www.bible.com/reading-plans/13233-bibleproject-new-testament-in-one-year/day/143,
144,1 Chronicles 25; 1 Chronicles 26; 1 Chronicles 27,John 9,https://www.bible.com/reading-plans/13630-bibleproject-old-testament-in-a-year/day/144,https://www.bible.com/reading-plans/13233-bibleproject-new-testament-in-one-year/day/144,
145,1 Chronicles 28; 1 Chronicles 29,John 10,https://www.bible.com/reading-plans/13630-bibleproject-old-testament-in-a-year/day/145,https://www.bible.com/reading-plans/13233-bibleproject-new-testament-in-one-year/day/145,
146,2 Chronicles 1; 2 Chronicles 2; 2 Chronicles 3,John 10,https://www.bible.com/reading-plans/13630-bibleproject-old-testament-in-a-year/day/146,https://www.bible.com/reading-plans/13233-bibleproject-new-testament-in-one-year/day/146,
147,2 Chronicles 4; 2 Chronicles 5; 2 Chronicles 6; 2 Chronicles 7,John 11,https://www.bible.com/reading-plans/13630-bibleproject-old-testament-in-a-year/day/147,https://www.bible.com/reading-plans/13233-bibleproject-new-testament-in-one-year/day/147,
148,2 Chronicles 8; 2 Chronicles 9,John 11,https://www.bible.com/reading-plans/13630-bibleproject-old-testament-in-a-year/day/148,https://www.bible.com/reading-plans/13233-bibleproject-new-testament-in-one-year/day/148,
149,2 Chronicles 10; 2 Chronicles 11; 2 Chronicles 12,John 11,https://www.bible.com/reading-plans/13630-bibleproject-old-testament-in-a-year/day/149,https://www.bible.com/reading-plans/13233-bibleproject-new-testament-in-one-year/day/149,
150,2 Chronicles 13; 2 Chronicles 14; 2 Chronicles 15; 2 Chronicles 16,John 12,https://www.bible.com/reading-plans/13630-bibleproject-old-testament-in-a-year/day/150,https://www.bible.com/reading-plans/13233-bibleproject-new-testament-in-one-year/day/150,
151,2 Chronicles 17; 2 Chronicles 18; 2 Chronicles 19; 2 Chronicles 20,John 12,https://www.bible.com/reading-plans/13630-bibleproject-old-testament-in-a-year/day/151,https://www.bible.com/reading-plans/13233-bibleproject-new-testament-in-one-year/day/151,
152,2 Chronicles 21; 2 Chronicles 22,John 13,https://www.bible.com/reading-plans/13630-bibleproject-old-testament-in-a-year/day/152,https://www.bible.com/reading-plans/13233-bibleproject-new-testament-in-one-year/day/152,https://www.youtube.com/embed/RUfh_wOsauk
153,2 Chronicles 23; 2 Chronicles 24,John 13,https://www.bible.com/reading-plans/13630-bibleproject-old-testament-in-a-year/day/153,https://www.bible.com/reading-plans/13233-bibleproject-new-testament-in-one-year/day/153,
154,2 Chronicles 25; 2 Chronicles 26; 2 Chronicles 27,John 14,https://www.bible.com/reading-plans/13630-bibleproject-old-testament-in-a-year/day/154,https://www.bible.com/reading-plans/13233-bibleproject-new-testament-in-one-year/day/154,
155,2 Chronicles 28; 2 Chronicles 29; 2 Chronicles 30,John 15,https://www.bible.com/reading-plans/13630-bibleproject-old-testament-in-a-year/day/155,https://www.bible.com/reading-plans/13233-bibleproject-new-testament-in-one-year/day/155,
156,2 Chronicles 31; 2 Chronicles 32,John 16,https://www.bible.com/reading-plans/13630-bibleproject-old-testament-in-a-year/day/156,https://www.bible.com/reading-plans/13233-bibleproject-new-testament-in-one-year/day/156,
157,2 Chronicles 33; 2 Chronicles 34,John 16,https://www.bible.com/reading-plans/13630-bibleproject-old-testament-in-a-year/day/157,https://www.bible.com/reading-plans/13233-bibleproject-new-testament-in-one-year/day/157,
158,2 Chronicles 35; 2 Chronicles 36,John 17,https://www.bible.com/reading-plans/13630-bibleproject-old-testament-in-a-year/day/158,https://www.bible.com/reading-plans/13233-bibleproject-new-testament-in-one-year/day/158,
159,Ezra 1; Ezra 2; Ezra 3,John 18,https://www.bible.com/reading-plans/13630-bibleproject-old-testament-in-a-year/day/159,https://www.bible.com/reading-plans/13233-bibleproject-new-testament-in-one-year/day/159,https://www.youtube.com/embed/MkETkRv9tG8
160,Ezra 4; Ezra 5; Ezra 6,John 18,https://www.bible.com/reading-plans/13630-bibleproject-old-testament-in-a-year/day/160,https://www.bible.com/reading-plans/13233-bibleproject-new-testament-in-one-year/day/160,
161,Ezra 7; Ezra 8; Ezra 9; Ezra 10,John 19,https://www.bible.com/reading-plans/13630-bibleproject-old-testament-in-a-year/day/161,https://www.bible.com/reading-plans/13233-bibleproject-new-testament-in-one-year/day/161,
162,Nehemiah 1; Nehemiah 2; Nehemiah 3; Nehemiah 4,John 19,https://www.bible.com/reading-plans/13630-bibleproject-old-testament-in-a-year/day/162,https://www.bible.com/reading-plans/13233-bibleproject-new-testament-in-one-year/day/162,
163,Nehemiah 5; Nehemiah 6; Nehemiah 7,John 20,https://www.bible.com/reading-plans/13630-bibleproject-old-testament-in-a-year/day/163,https://www.bible.com/reading-plans/13233-bibleproject-new-testament-in-one-year/day/163,
164,Nehemiah 8; Nehemiah 9; Nehemiah 10,John 21,https://www.bible.com/reading-plans/13630-bibleproject-old-testament-in-a-year/day/164,https://www.bible.com/reading-plans/13233-bibleproject-new-testament-in-one-year/day/164,
165,Nehemiah 11; Nehemiah 12; Nehemiah 13,Acts 1,https://www.bible.com/reading-plans/13630-bibleproject-old-testament-in-a-year/day/165,https://www.bible.com/reading-plans/13233-bibleproject-new-testament-in-one-year/day/165,https://www.youtube.com/embed/CGbNw855ksw
166,Esther 1; Esther 2; Esther 3,Acts 2,https://www.bible.com/reading-plans/13630-bibleproject-old-testament-in-a-year/day/166,https://www.bible.com/reading-plans/13233-bibleproject-new-testament-in-one-year/day/166,https://www.youtube.com/embed/JydNSlufRIs | https://www.youtube.com/embed/oNNZO9i1Gjc
167,Esther 4; Esther 5; Esther 6; Esther 7,Acts 2,https://www.bible.com/reading-plans/13630-bibleproject-old-testament-in-a-year/day/167,https://www.bible.com/reading-plans/13233-bibleproject-new-testament-in-one-year/day/167,
168,Esther 8; Esther 9; Esther 10,Acts 3,https://www.bible.com/reading-plans/13630-bibleproject-old-testament-in-a-year/day/168,https://www.bible.com/reading-plans/13233-bibleproject-new-testament-in-one-year/day/168,
169,Job 1; Job 2; Job 3,Acts 4,https://www.bible.com/reading-plans/13630-bibleproject-old-testament-in-a-year/day/169,https://www.bible.com/reading-plans/13233-bibleproject-new-testament-in-one-year/day/169,https://www.youtube.com/embed/xQwnH8th_fs
170,Job 4; Job 5,Acts 4,https://www.bible.com/reading-plans/13630-bibleproject-old-testament-in-a-year/day/170,https://www.bible.com/reading-plans/13233-bibleproject-new-testament-in-one-year/day/170,https://www.youtube.com/embed/GswSg2ohqmA
171,Job 6; Job 7,Acts 5,https://www.bible.com/reading-plans/13630-bibleproject-old-testament-in-a-year/day/171,https://www.bible.com/reading-plans/13233-bibleproject-new-testament-in-one-year/day/171,
172,Job 8; Job 9; Job 10,Acts 5,https://www.bible.com/reading-plans/13630-bibleproject-old-testament-in-a-year/day/172,https://www.bible.com/reading-plans/13233-bibleproject-new-testament-in-one-year/day/172,
173,Job 11; Job 12,Acts 6,https://www.bible.com/reading-plans/13630-bibleproject-old-testament-in-a-year/day/173,https://www.bible.com/reading-plans/13233-bibleproject-new-testament-in-one-year/day/173,
174,Job 13; Job 14,Acts 7,https://www.bible.com/reading-plans/13630-bibleproject-old-testament-in-a-year/day/174,https://www.bible.com/reading-plans/13233-bibleproject-new-testament-in-one-year/day/174,
175,Job 15; Job 16; Job 17,Acts 7,https://www.bible.com/reading-plans/13630-bibleproject-old-testament-in-a-year/day/175,https://www.bible.com/reading-plans/13233-bibleproject-new-testament-in-one-year/day/175,
176,Job 18; Job 19,Acts 7,https://www.bible.com/reading-plans/13630-bibleproject-old-testament-in-a-year/day/176,https://www.bible.com/reading-plans/13233-bibleproject-new-testament-in-one-year/day/176,
177,Job 20; Job 21,Acts 8,https://www.bible.com/reading-plans/13630-bibleproject-old-testament-in-a-year/day/177,https://www.bible.com/reading-plans/13233-bibleproject-new-testament-in-one-year/day/177,
178,Job 22; Job 23; Job 24,Acts 8,https://www.bible.com/reading-plans/13630-bibleproject-old-testament-in-a-year/day/178,https://www.bible.com/reading-plans/13233-bibleproject-new-testament-in-one-year/day/178,
179,Job 25; Job 26; Job 27; Job 28,Acts 9,https://www.bible.com/reading-plans/13630-bibleproject-old-testament-in-a-year/day/179,https://www.bible.com/reading-plans/13233-bibleproject-new-testament-in-one-year/day/179,
180,Job 29; Job 30; Job 31,Acts 9,https://www.bible.com/reading-plans/13630-bibleproject-old-testament-in-a-year/day/180,https://www.bible.com/reading-plans/13233-bibleproject-new-testament-in-one-year/day/180,
181,Job 32; Job 33; Job 34,Acts 10,https://www.bible.com/reading-plans/13630-bibleproject-old-testament-in-a-year/day/181,https://www.bible.com/reading-plans/13233-bibleproject-new-testament-in-one-year/day/181,
182,Job 35; Job 36; Job 37,Acts 10,https://www.bible.com/reading-plans/13630-bibleproject-old-testament-in-a-year/day/182,https://www.bible.com/reading-plans/13233-bibleproject-new-testament-in-one-year/day/182,
183,Job 38; Job 39,Acts 11,https://www.bible.com/reading-plans/13630-bibleproject-old-testament-in-a-year/day/183,https://www.bible.com/reading-plans/13233-bibleproject-new-testament-in-one-year/day/183,
184,Job 40; Job 41; Job 42,Acts 12,https://www.bible.com/reading-plans/13630-bibleproject-old-testament-in-a-year/day/184,https://www.bible.com/reading-plans/13233-bibleproject-new-testament-in-one-year/day/184,
185,Psalms 1; Psalms 2; Psalms 3,Acts 13,https://www.bible.com/reading-plans/13630-bibleproject-old-testament-in-a-year/day/185,https://www.bible.com/reading-plans/13233-bibleproject-new-testament-in-one-year/day/185,https://www.youtube.com/embed/j9phNEaPrv8 | https://www.youtube.com/embed/Z-17KxpjL0Q
186,Psalms 4; Psalms 5; Psalms 6,Acts 13,https://www.bible.com/reading-plans/13630-bibleproject-old-testament-in-a-year/day/186,https://www.bible.com/reading-plans/13233-bibleproject-new-testament-in-one-year/day/186,
187,Psalms 7; Psalms 8; Psalms 9,Acts 14,https://www.bible.com/reading-plans/13630-bibleproject-old-testament-in-a-year/day/187,https://www.bible.com/reading-plans/13233-bibleproject-new-testament-in-one-year/day/187,
188,Psalms 10; Psalms 11; Psalms 12,Acts 15,https://www.bible.com/reading-plans/13630-bibleproject-old-testament-in-a-year/day/188,https://www.bible.com/reading-plans/13233-bibleproject-new-testament-in-one-year/day/188,
189,Psalms 13; Psalms 14; Psalms 15,Acts 15,https://www.bible.com/reading-plans/13630-bibleproject-old-testament-in-a-year/day/189,https://www.bible.com/reading-plans/13233-bibleproject-new-testament-in-one-year/day/189,
190,Psalms 16; Psalms 17; Psalms 18,Acts 16,https://www.bible.com/reading-plans/13630-bibleproject-old-testament-in-a-year/day/190,https://www.bible.com/reading-plans/13233-bibleproject-new-testament-in-one-year/day/190,
191,Psalms 19; Psalms 20; Psalms 21,Acts 16,https://www.bible.com/reading-plans/13630-bibleproject-old-testament-in-a-year/day/191,https://www.bible.com/reading-plans/13233-bibleproject-new-testament-in-one-year/day/191,
192,Psalms 22; Psalms 23; Psalms 24,Acts 17,https://www.bible.com/reading-plans/13630-bibleproject-old-testament-in-a-year/day/192,https://www.bible.com/reading-plans/13233-bibleproject-new-testament-in-one-year/day/192,
193,Psalms 25; Psalms 26; Psalms 27,Acts 17,https://www.bible.com/reading-plans/13630-bibleproject-old-testament-in-a-year/day/193,https://www.bible.com/reading-plans/13233-bibleproject-new-testament-in-one-year/day/193,
194,Psalms 28; Psalms 29; Psalms 30,Acts 18,https://www.bible.com/reading-plans/13630-bibleproject-old-testament-in-a-year/day/194,https://www.bible.com/reading-plans/13233-bibleproject-new-testament-in-one-year/day/194,
195,Psalms 31; Psalms 32; Psalms 33,Acts 19,https://www.bible.com/reading-plans/13630-bibleproject-old-testament-in-a-year/day/195,https://www.bible.com/reading-plans/13233-bibleproject-new-testament-in-one-year/day/195,
196,Psalms 34; Psalms 35; Psalms 36,Acts 19,https://www.bible.com/reading-plans/13630-bibleproject-old-testament-in-a-year/day/196,https://www.bible.com/reading-plans/13233-bibleproject-new-testament-in-one-year/day/196,
197,Psalms 37; Psalms 38; Psalms 39,Acts 20,https://www.bible.com/reading-plans/13630-bibleproject-old-testament-in-a-year/day/197,https://www.bible.com/reading-plans/13233-bibleproject-new-testament-in-one-year/day/197,
198,Psalms 40; Psalms 41; Psalms 42,Acts 20,https://www.bible.com/reading-plans/13630-bibleproject-old-testament-in-a-year/day/198,https://www.bible.com/reading-plans/13233-bibleproject-new-testament-in-one-year/day/198,
199,Psalms 43; Psalms 44; Psalms 45,Acts 21,https://www.bible.com/reading-plans/13630-bibleproject-old-testament-in-a-year/day/199,https://www.bible.com/reading-plans/13233-bibleproject-new-testament-in-one-year/day/199,
200,Psalms 46; Psalms 47; Psalms 48,Acts 21,https://www.bible.com/reading-plans/13630-bibleproject-old-testament-in-a-year/day/200,https://www.bible.com/reading-plans/13233-bibleproject-new-testament-in-one-year/day/200,
201,Psalms 49; Psalms 50; Psalms 51,Acts 22,https://www.bible.com/reading-plans/13630-bibleproject-old-testament-in-a-year/day/201,https://www.bible.com/reading-plans/13233-bibleproject-new-testament-in-one-year/day/201,
202,Psalms 52; Psalms 53; Psalms 54,Acts 23,https://www.bible.com/reading-plans/13630-bibleproject-old-testament-in-a-year/day/202,https://www.bible.com/reading-plans/13233-bibleproject-new-testament-in-one-year/day/202,
203,Psalms 55; Psalms 56; Psalms 57,Acts 23,https://www.bible.com/reading-plans/13630-bibleproject-old-testament-in-a-year/day/203,https://www.bible.com/reading-plans/13233-bibleproject-new-testament-in-one-year/day/203,
204,Psalms 58; Psalms 59; Psalms 60,Acts 24,https://www.bible.com/reading-plans/13630-bibleproject-old-testament-in-a-year/day/204,https://www.bible.com/reading-plans/13233-bibleproject-new-testament-in-one-year/day/204,
205,Psalms 61; Psalms 62; Psalms 63,Acts 25,https://www.bible.com/reading-plans/13630-bibleproject-old-testament-in-a-year/day/205,https://www.bible.com/reading-plans/13233-bibleproject-new-testament-in-one-year/day/205,
206,Psalms 64; Psalms 65; Psalms 66,Acts 26,https://www.bible.com/reading-plans/13630-bibleproject-old-testament-in-a-year/day/206,https://www.bible.com/reading-plans/13233-bibleproject-new-testament-in-one-year/day/206,
207,Psalms 67; Psalms 68; Psalms 69,Acts 27,https://www.bible.com/reading-plans/13630-bibleproject-old-testament-in-a-year/day/207,https://www.bible.com/reading-plans/13233-bibleproject-new-testament-in-one-year/day/207,
208,Psalms 70; Psalms 71; Psalms 72,Acts 27,https://www.bible.com/reading-plans/13630-bibleproject-old-testament-in-a-year/day/208,https://www.bible.com/reading-plans/13233-bibleproject-new-testament-in-one-year/day/208,
209,Psalms 73; Psalms 74; Psalms 75,Acts 28,https://www.bible.com/reading-plans/13630-bibleproject-old-testament-in-a-year/day/209,https://www.bible.com/reading-plans/13233-bibleproject-new-testament-in-one-year/day/209,
210,Psalms 76; Psalms 77; Psalms 78,Acts 28,https://www.bible.com/reading-plans/13630-bibleproject-old-testament-in-a-year/day/210,https://www.bible.com/reading-plans/13233-bibleproject-new-testament-in-one-year/day/210,
211,Psalms 79; Psalms 80; Psalms 81,Romans 1,https://www.bible.com/reading-plans/13630-bibleproject-old-testament-in-a-year/day/211,https://www.bible.com/reading-plans/13233-bibleproject-new-testament-in-one-year/day/211,https://www.youtube.com/embed/ej_6dVdJSIU
212,Psalms 82; Psalms 83; Psalms 84,Romans 2,https://www.bible.com/reading-plans/13630-bibleproject-old-testament-in-a-year/day/212,https://www.bible.com/reading-plans/13233-bibleproject-new-testament-in-one-year/day/212,
213,Psalms 85; Psalms 86; Psalms 87,Romans 3,https://www.bible.com/reading-plans/13630-bibleproject-old-testament-in-a-year/day/213,https://www.bible.com/reading-plans/13233-bibleproject-new-testament-in-one-year/day/213,
214,Psalms 88; Psalms 89; Psalms 90,Romans 4,https://www.bible.com/reading-plans/13630-bibleproject-old-testament-in-a-year/day/214,https://www.bible.com/reading-plans/13233-bibleproject-new-testament-in-one-year/day/214,
215,Psalms 91; Psalms 92; Psalms 93,Romans 5,https://www.bible.com/reading-plans/13630-bibleproject-old-testament-in-a-year/day/215,https://www.bible.com/reading-plans/13233-bibleproject-new-testament-in-one-year/day/215,https://www.youtube.com/embed/0SVTl4Xa5fY
216,Psalms 94; Psalms 95; Psalms 96,Romans 5,https://www.bible.com/reading-plans/13630-bibleproject-old-testament-in-a-year/day/216,https://www.bible.com/reading-plans/13233-bibleproject-new-testament-in-one-year/day/216,https://www.youtube.com/embed/3dEh25pduQ8
217,Psalms 97; Psalms 98; Psalms 99,Romans 6,https://www.bible.com/reading-plans/13630-bibleproject-old-testament-in-a-year/day/217,https://www.bible.com/reading-plans/13233-bibleproject-new-testament-in-one-year/day/217,
218,Psalms 100; Psalms 101; Psalms 102,Romans 7,https://www.bible.com/reading-plans/13630-bibleproject-old-testament-in-a-year/day/218,https://www.bible.com/reading-plans/13233-bibleproject-new-testament-in-one-year/day/218,
219,Psalms 103; Psalms 104; Psalms 105,Romans 8,https://www.bible.com/reading-plans/13630-bibleproject-old-testament-in-a-year/day/219,https://www.bible.com/reading-plans/13233-bibleproject-new-testament-in-one-year/day/219,
220,Psalms 106; Psalms 107; Psalms 108,Romans 8,https://www.bible.com/reading-plans/13630-bibleproject-old-testament-in-a-year/day/220,https://www.bible.com/reading-plans/13233-bibleproject-new-testament-in-one-year/day/220,
221,Psalms 109; Psalms 110; Psalms 111,Romans 9,https://www.bible.com/reading-plans/13630-bibleproject-old-testament-in-a-year/day/221,https://www.bible.com/reading-plans/13233-bibleproject-new-testament-in-one-year/day/221,
222,Psalms 112; Psalms 113; Psalms 114,Romans 10,https://www.bible.com/reading-plans/13630-bibleproject-old-testament-in-a-year/day/222,https://www.bible.com/reading-plans/13233-bibleproject-new-testament-in-one-year/day/222,
223,Psalms 115; Psalms 116; Psalms 117,Romans 11,https://www.bible.com/reading-plans/13630-bibleproject-old-testament-in-a-year/day/223,https://www.bible.com/reading-plans/13233-bibleproject-new-testament-in-one-year/day/223,
224,Psalms 118; Psalms 119; Psalms 120,Romans 11,https://www.bible.com/reading-plans/13630-bibleproject-old-testament-in-a-year/day/224,https://www.bible.com/reading-plans/13233-bibleproject-new-testament-in-one-year/day/224,
225,Psalms 121; Psalms 122; Psalms 123,Romans 12,https://www.bible.com/reading-plans/13630-bibleproject-old-testament-in-a-year/day/225,https://www.bible.com/reading-plans/13233-bibleproject-new-testament-in-one-year/day/225,
226,Psalms 124; Psalms 125; Psalms 126,Romans 13,https://www.bible.com/reading-plans/13630-bibleproject-old-testament-in-a-year/day/226,https://www.bible.com/reading-plans/13233-bibleproject-new-testament-in-one-year/day/226,https://www.youtube.com/embed/3BGO9Mmd_cU
227,Psalms 127; Psalms 128; Psalms 129,Romans 14,https://www.bible.com/reading-plans/13630-bibleproject-old-testament-in-a-year/day/227,https://www.bible.com/reading-plans/13233-bibleproject-new-testament-in-one-year/day/227,
228,Psalms 130; Psalms 131; Psalms 132,Romans 15,https://www.bible.com/reading-plans/13630-bibleproject-old-testament-in-a-year/day/228,https://www.bible.com/reading-plans/13233-bibleproject-new-testament-in-one-year/day/228,
229,Psalms 133; Psalms 134; Psalms 135,Romans 15,https://www.bible.com/reading-plans/13630-bibleproject-old-testament-in-a-year/day/229,https://www.bible.com/reading-plans/13233-bibleproject-new-testament-in-one-year/day/229,
230,Psalms 136; Psalms 137; Psalms 138,Romans 16,https://www.bible.com/reading-plans/13630-bibleproject-old-testament-in-a-year/day/230,https://www.bible.com/reading-plans/13233-bibleproject-new-testament-in-one-year/day/230,
231,Psalms 139; Psalms 140; Psalms 141,1 Corinthians 1,https://www.bible.com/reading-plans/13630-bibleproject-old-testament-in-a-year/day/231,https://www.bible.com/reading-plans/13233-bibleproject-new-testament-in-one-year/day/231,https://www.youtube.com/embed/yiHf8klCCc4
232,Psalms 142; Psalms 143; Psalms 144,1 Corinthians 2,https://www.bible.com/reading-plans/13630-bibleproject-old-testament-in-a-year/day/232,https://www.bible.com/reading-plans/13233-bibleproject-new-testament-in-one-year/day/232,
233,Psalms 145; Psalms 146; Psalms 147,1 Corinthians 3,https://www.bible.com/reading-plans/13630-bibleproject-old-testament-in-a-year/day/233,https://www.bible.com/reading-plans/13233-bibleproject-new-testament-in-one-year/day/233,
234,Psalms 148; Psalms 149; Psalms 150,1 Corinthians 4,https://www.bible.com/reading-plans/13630-bibleproject-old-testament-in-a-year/day/234,https://www.bible.com/reading-plans/13233-bibleproject-new-testament-in-one-year/day/234,
235,Proverbs 1; Proverbs 2; Proverbs 3,1 Corinthians 5,https://www.bible.com/reading-plans/13630-bibleproject-old-testament-in-a-year/day/235,https://www.bible.com/reading-plans/13233-bibleproject-new-testament-in-one-year/day/235,https://www.youtube.com/embed/AzmYV8GNAIM
236,Proverbs 4; Proverbs 5; Proverbs 6,1 Corinthians 6,https://www.bible.com/reading-plans/13630-bibleproject-old-testament-in-a-year/day/236,https://www.bible.com/reading-plans/13233-bibleproject-new-testament-in-one-year/day/236,https://www.youtube.com/embed/Gab04dPs_uA
237,Proverbs 7; Proverbs 8; Proverbs 9,1 Corinthians 7,https://www.bible.com/reading-plans/13630-bibleproject-old-testament-in-a-year/day/237,https://www.bible.com/reading-plans/13233-bibleproject-new-testament-in-one-year/day/237,
238,Proverbs 10; Proverbs 11; Proverbs 12,1 Corinthians 7,https://www.bible.com/reading-plans/13630-bibleproject-old-testament-in-a-year/day/238,https://www.bible.com/reading-plans/13233-bibleproject-new-testament-in-one-year/day/238,
239,Proverbs 13; Proverbs 14; Proverbs 15,1 Corinthians 8,https://www.bible.com/reading-plans/13630-bibleproject-old-testament-in-a-year/day/239,https://www.bible.com/reading-plans/13233-bibleproject-new-testament-in-one-year/day/239,
240,Proverbs 16; Proverbs 17; Proverbs 18,1 Corinthians 9,https://www.bible.com/reading-plans/13630-bibleproject-old-testament-in-a-year/day/240,https://www.bible.com/reading-plans/13233-bibleproject-new-testament-in-one-year/day/240,
241,Proverbs 19; Proverbs 20; Proverbs 21,1 Corinthians 10,https://www.bible.com/reading-plans/13630-bibleproject-old-testament-in-a-year/day/241,https://www.bible.com/reading-plans/13233-bibleproject-new-testament-in-one-year/day/241,
242,Proverbs 22; Proverbs 23; Proverbs 24,1 Corinthians 10,https://www.bible.com/reading-plans/13630-bibleproject-old-testament-in-a-year/day/242,https://www.bible.com/reading-plans/13233-bibleproject-new-testament-in-one-year/day/242,
243,Proverbs 25; Proverbs 26; Proverbs 27,1 Corinthians 11,https://www.bible.com/reading-plans/13630-bibleproject-old-testament-in-a-year/day/243,https://www.bible.com/reading-plans/13233-bibleproject-new-testament-in-one-year/day/243,
244,Proverbs 28; Proverbs 29; Proverbs 30; Proverbs 31,1 Corinthians 11,https://www.bible.com/reading-plans/13630-bibleproject-old-testament-in-a-year/day/244,https://www.bible.com/reading-plans/13233-bibleproject-new-testament-in-one-year/day/244,
245,Ecclesiastes 1; Ecclesiastes 2; Ecclesiastes 3,1 Corinthians 12,https://www.bible.com/reading-plans/13630-bibleproject-old-testament-in-a-year/day/245,https://www.bible.com/reading-plans/13233-bibleproject-new-testament-in-one-year/day/245,https://www.youtube.com/embed/lrsQ1tc-2wk
246,Ecclesiastes 4; Ecclesiastes 5; Ecclesiastes 6,1 Corinthians 13,https://www.bible.com/reading-plans/13630-bibleproject-old-testament-in-a-year/day/246,https://www.bible.com/reading-plans/13233-bibleproject-new-testament-in-one-year/day/246,https://www.youtube.com/embed/VeUiuSK81-0
247,Ecclesiastes 7; Ecclesiastes 8; Ecclesiastes 9,1 Corinthians 14,https://www.bible.com/reading-plans/13630-bibleproject-old-testament-in-a-year/day/247,https://www.bible.com/reading-plans/13233-bibleproject-new-testament-in-one-year/day/247,
248,Ecclesiastes 10; Ecclesiastes 11; Ecclesiastes 12,1 Corinthians 14,https://www.bible.com/reading-plans/13630-bibleproject-old-testament-in-a-year/day/248,https://www.bible.com/reading-plans/13233-bibleproject-new-testament-in-one-year/day/248,
249,Song Of Songs 1; Song Of Songs 2; Song Of Songs 3; Song Of Songs 4,1 Corinthians 15,https://www.bible.com/reading-plans/13630-bibleproject-old-testament-in-a-year/day/249,https://www.bible.com/reading-plans/13233-bibleproject-new-testament-in-one-year/day/249,https://www.youtube.com/embed/4KC7xE4fgOw
250,Song Of Songs 5; Song Of Songs 6; Song Of Songs 7; Song Of Songs 8,1 Corinthians 15,https://www.bible.com/reading-plans/13630-bibleproject-old-testament-in-a-year/day/250,https://www.bible.com/reading-plans/13233-bibleproject-new-testament-in-one-year/day/250,
251,Isaiah 1; Isaiah 2,1 Corinthians 16,https://www.bible.com/reading-plans/13630-bibleproject-old-testament-in-a-year/day/251,https://www.bible.com/reading-plans/13233-bibleproject-new-testament-in-one-year/day/251,https://www.youtube.com/embed/d0A6Uchb1F8
252,Isaiah 3; Isaiah 4,2 Corinthians 1,https://www.bible.com/reading-plans/13630-bibleproject-old-testament-in-a-year/day/252,https://www.bible.com/reading-plans/13233-bibleproject-new-testament-in-one-year/day/252,https://www.youtube.com/embed/3lfPK2vfC54
253,Isaiah 5; Isaiah 6,2 Corinthians 2,https://www.bible.com/reading-plans/13630-bibleproject-old-testament-in-a-year/day/253,https://www.bible.com/reading-plans/13233-bibleproject-new-testament-in-one-year/day/253,https://www.youtube.com/embed/l9vn5UvsHvM
254,Isaiah 7; Isaiah 8,2 Corinthians 3,https://www.bible.com/reading-plans/13630-bibleproject-old-testament-in-a-year/day/254,https://www.bible.com/reading-plans/13233-bibleproject-new-testament-in-one-year/day/254,
255,Isaiah 9; Isaiah 10,2 Corinthians 4,https://www.bible.com/reading-plans/13630-bibleproject-old-testament-in-a-year/day/255,https://www.bible.com/reading-plans/13233-bibleproject-new-testament-in-one-year/day/255,
256,Isaiah 11; Isaiah 12,2 Corinthians 5,https://www.bible.com/reading-plans/13630-bibleproject-old-testament-in-a-year/day/256,https://www.bible.com/reading-plans/13233-bibleproject-new-testament-in-one-year/day/256,
257,Isaiah 13; Isaiah 14,2 Corinthians 6,https://www.bible.com/reading-plans/13630-bibleproject-old-testament-in-a-year/day/257,https://www.bible.com/reading-plans/13233-bibleproject-new-testament-in-one-year/day/257,
258,Isaiah 15; Isaiah 16,2 Corinthians 7,https://www.bible.com/reading-plans/13630-bibleproject-old-testament-in-a-year/day/258,https://www.bible.com/reading-plans/13233-bibleproject-new-testament-in-one-year/day/258,
259,Isaiah 17; Isaiah 18,2 Corinthians 8,https://www.bible.com/reading-plans/13630-bibleproject-old-testament-in-a-year/day/259,https://www.bible.com/reading-plans/13233-bibleproject-new-testament-in-one-year/day/259,
260,Isaiah 19; Isaiah 20,2 Corinthians 9,https://www.bible.com/reading-plans/13630-bibleproject-old-testament-in-a-year/day/260,https://www.bible.com/reading-plans/13233-bibleproject-new-testament-in-one-year/day/260,
261,Isaiah 21; Isaiah 22,2 Corinthians 10,https://www.bible.com/reading-plans/13630-bibleproject-old-testament-in-a-year/day/261,https://www.bible.com/reading-plans/13233-bibleproject-new-testament-in-one-year/day/261,
262,Isaiah 23; Isaiah 24,2 Corinthians 11,https://www.bible.com/reading-plans/13630-bibleproject-old-testament-in-a-year/day/262,https://www.bible.com/reading-plans/13233-bibleproject-new-testament-in-one-year/day/262,
263,Isaiah 25; Isaiah 26,2 Corinthians 11,https://www.bible.com/reading-plans/13630-bibleproject-old-testament-in-a-year/day/263,https://www.bible.com/reading-plans/13233-bibleproject-new-testament-in-one-year/day/263,
264,Isaiah 27; Isaiah 28,2 Corinthians 12,https://www.bible.com/reading-plans/13630-bibleproject-old-testament-in-a-year/day/264,https://www.bible.com/reading-plans/13233-bibleproject-new-testament-in-one-year/day/264,
265,Isaiah 29; Isaiah 30,2 Corinthians 13,https://www.bible.com/reading-plans/13630-bibleproject-old-testament-in-a-year/day/265,https://www.bible.com/reading-plans/13233-bibleproject-new-testament-in-one-year/day/265,
266,Isaiah 31; Isaiah 32,Galatians 1,https://www.bible.com/reading-plans/13630-bibleproject-old-testament-in-a-year/day/266,https://www.bible.com/reading-plans/13233-bibleproject-new-testament-in-one-year/day/266,https://www.youtube.com/embed/vmx4UjRFp0M
267,Isaiah 33; Isaiah 34,Galatians 2,https://www.bible.com/reading-plans/13630-bibleproject-old-testament-in-a-year/day/267,https://www.bible.com/reading-plans/13233-bibleproject-new-testament-in-one-year/day/267,
268,Isaiah 35; Isaiah 36,Galatians 3,https://www.bible.com/reading-plans/13630-bibleproject-old-testament-in-a-year/day/268,https://www.bible.com/reading-plans/13233-bibleproject-new-testament-in-one-year/day/268,
269,Isaiah 37; Isaiah 38,Galatians 4,https://www.bible.com/reading-plans/13630-bibleproject-old-testament-in-a-year/day/269,https://www.bible.com/reading-plans/13233-bibleproject-new-testament-in-one-year/day/269,
270,Isaiah 39; Isaiah 40,Galatians 5,https://www.bible.com/reading-plans/13630-bibleproject-old-testament-in-a-year/day/270,https://www.bible.com/reading-plans/13233-bibleproject-new-testament-in-one-year/day/270,https://www.youtube.com/embed/_TzdEPuqgQg | https://www.youtube.com/embed/YbipxLDtY8c
271,Isaiah 41; Isaiah 42,Galatians 6,https://www.bible.com/reading-plans/13630-bibleproject-old-testament-in-a-year/day/271,https://www.bible.com/reading-plans/13233-bibleproject-new-testament-in-one-year/day/271,
272,Isaiah 43; Isaiah 44,Ephesians 1,https://www.bible.com/reading-plans/13630-bibleproject-old-testament-in-a-year/day/272,https://www.bible.com/reading-plans/13233-bibleproject-new-testament-in-one-year/day/272,https://www.youtube.com/embed/Y71r-T98E2Q
273,Isaiah 45; Isaiah 46,Ephesians 2,https://www.bible.com/reading-plans/13630-bibleproject-old-testament-in-a-year/day/273,https://www.bible.com/reading-plans/13233-bibleproject-new-testament-in-one-year/day/273,
274,Isaiah 47; Isaiah 48,Ephesians 3,https://www.bible.com/reading-plans/13630-bibleproject-old-testament-in-a-year/day/274,https://www.bible.com/reading-plans/13233-bibleproject-new-testament-in-one-year/day/274,
275,Isaiah 49; Isaiah 50,Ephesians 4,https://www.bible.com/reading-plans/13630-bibleproject-old-testament-in-a-year/day/275,https://www.bible.com/reading-plans/13233-bibleproject-new-testament-in-one-year/day/275,
276,Isaiah 51; Isaiah 52,Ephesians 5,https://www.bible.com/reading-plans/13630-bibleproject-old-testament-in-a-year/day/276,https://www.bible.com/reading-plans/13233-bibleproject-new-testament-in-one-year/day/276,
277,Isaiah 53; Isaiah 54,Ephesians 6,https://www.bible.com/reading-plans/13630-bibleproject-old-testament-in-a-year/day/277,https://www.bible.com/reading-plans/13233-bibleproject-new-testament-in-one-year/day/277,
278,Isaiah 55; Isaiah 56,Philippians 1,https://www.bible.com/reading-plans/13630-bibleproject-old-testament-in-a-year/day/278,https://www.bible.com/reading-plans/13233-bibleproject-new-testament-in-one-year/day/278,https://www.youtube.com/embed/oE9qqW1-BkU
279,Isaiah 57; Isaiah 58,Philippians 2,https://www.bible.com/reading-plans/13630-bibleproject-old-testament-in-a-year/day/279,https://www.bible.com/reading-plans/13233-bibleproject-new-testament-in-one-year/day/279,
280,Isaiah 59; Isaiah 60,Philippians 3,https://www.bible.com/reading-plans/13630-bibleproject-old-testament-in-a-year/day/280,https://www.bible.com/reading-plans/13233-bibleproject-new-testament-in-one-year/day/280,
281,Isaiah 61; Isaiah 62,Philippians 4,https://www.bible.com/reading-plans/13630-bibleproject-old-testament-in-a-year/day/281,https://www.bible.com/reading-plans/13233-bibleproject-new-testament-in-one-year/day/281,
282,Isaiah 63; Isaiah 64,Colossians 1,https://www.bible.com/reading-plans/13630-bibleproject-old-testament-in-a-year/day/282,https://www.bible.com/reading-plans/13233-bibleproject-new-testament-in-one-year/day/282,https://www.youtube.com/embed/pXTXlDxQsvc
283,Isaiah 65; Isaiah 66,Colossians 2,https://www.bible.com/reading-plans/13630-bibleproject-old-testament-in-a-year/day/283,https://www.bible.com/reading-plans/13233-bibleproject-new-testament-in-one-year/day/283,
284,Jeremiah 1; Jeremiah 2,Colossians 3,https://www.bible.com/reading-plans/13630-bibleproject-old-testament-in-a-year/day/284,https://www.bible.com/reading-plans/13233-bibleproject-new-testament-in-one-year/day/284,https://www.youtube.com/embed/RSK36cHbrk0
285,Jeremiah 3; Jeremiah 4,Colossians 4,https://www.bible.com/reading-plans/13630-bibleproject-old-testament-in-a-year/day/285,https://www.bible.com/reading-plans/13233-bibleproject-new-testament-in-one-year/day/285,
286,Jeremiah 5; Jeremiah 6,1 Thessalonians 1,https://www.bible.com/reading-plans/13630-bibleproject-old-testament-in-a-year/day/286,https://www.bible.com/reading-plans/13233-bibleproject-new-testament-in-one-year/day/286,https://www.youtube.com/embed/No7Nq6IX23c
287,Jeremiah 7; Jeremiah 8,1 Thessalonians 2,https://www.bible.com/reading-plans/13630-bibleproject-old-testament-in-a-year/day/287,https://www.bible.com/reading-plans/13233-bibleproject-new-testament-in-one-year/day/287,
288,Jeremiah 9; Jeremiah 10,1 Thessalonians 3,https://www.bible.com/reading-plans/13630-bibleproject-old-testament-in-a-year/day/288,https://www.bible.com/reading-plans/13233-bibleproject-new-testament-in-one-year/day/288,
289,Jeremiah 11; Jeremiah 12,1 Thessalonians 4,https://www.bible.com/reading-plans/13630-bibleproject-old-testament-in-a-year/day/289,https://www.bible.com/reading-plans/13233-bibleproject-new-testament-in-one-year/day/289,
290,Jeremiah 13; Jeremiah 14,1 Thessalonians 5,https://www.bible.com/reading-plans/13630-bibleproject-old-testament-in-a-year/day/290,https://www.bible.com/reading-plans/13233-bibleproject-new-testament-in-one-year/day/290,
291,Jeremiah 15; Jeremiah 16,2 Thessalonians 1,https://www.bible.com/reading-plans/13630-bibleproject-old-testament-in-a-year/day/291,https://www.bible.com/reading-plans/13233-bibleproject-new-testament-in-one-year/day/291,https://www.youtube.com/embed/kbPBDKOn1cc
292,Jeremiah 17; Jeremiah 18,2 Thessalonians 2,https://www.bible.com/reading-plans/13630-bibleproject-old-testament-in-a-year/day/292,https://www.bible.com/reading-plans/13233-bibleproject-new-testament-in-one-year/day/292,
293,Jeremiah 19; Jeremiah 20,2 Thessalonians 3,https://www.bible.com/reading-plans/13630-bibleproject-old-testament-in-a-year/day/293,https://www.bible.com/reading-plans/13233-bibleproject-new-testament-in-one-year/day/293,
294,Jeremiah 21; Jeremiah 22,1 Timothy 1,https://www.bible.com/reading-plans/13630-bibleproject-old-testament-in-a-year/day/294,https://www.bible.com/reading-plans/13233-bibleproject-new-testament-in-one-year/day/294,https://www.youtube.com/embed/7RoqnGcEjcs
295,Jeremiah 23; Jeremiah 24,1 Timothy 2,https://www.bible.com/reading-plans/13630-bibleproject-old-testament-in-a-year/day/295,https://www.bible.com/reading-plans/13233-bibleproject-new-testament-in-one-year/day/295,
296,Jeremiah 25; Jeremiah 26,1 Timothy 3,https://www.bible.com/reading-plans/13630-bibleproject-old-testament-in-a-year/day/296,https://www.bible.com/reading-plans/13233-bibleproject-new-testament-in-one-year/day/296,
297,Jeremiah 27; Jeremiah 28,1 Timothy 4,https://www.bible.com/reading-plans/13630-bibleproject-old-testament-in-a-year/day/297,https://www.bible.com/reading-plans/13233-bibleproject-new-testament-in-one-year/day/297,
298,Jeremiah 29; Jeremiah 30,1 Timothy 5,https://www.bible.com/reading-plans/13630-bibleproject-old-testament-in-a-year/day/298,https://www.bible.com/reading-plans/13233-bibleproject-new-testament-in-one-year/day/298,
299,Jeremiah 31; Jeremiah 32,1 Timothy 6,https://www.bible.com/reading-plans/13630-bibleproject-old-testament-in-a-year/day/299,https://www.bible.com/reading-plans/13233-bibleproject-new-testament-in-one-year/day/299,
300,Jeremiah 33; Jeremiah 34,2 Timothy 1,https://www.bible.com/reading-plans/13630-bibleproject-old-testament-in-a-year/day/300,https://www.bible.com/reading-plans/13233-bibleproject-new-testament-in-one-year/day/300,https://www.youtube.com/embed/urlvnxCaL00
301,Jeremiah 35; Jeremiah 36,2 Timothy 2,https://www.bible.com/reading-plans/13630-bibleproject-old-testament-in-a-year/day/301,https://www.bible.com/reading-plans/13233-bibleproject-new-testament-in-one-year/day/301,
302,Jeremiah 37; Jeremiah 38,2 Timothy 3,https://www.bible.com/reading-plans/13630-bibleproject-old-testament-in-a-year/day/302,https://www.bible.com/reading-plans/13233-bibleproject-new-testament-in-one-year/day/302,
303,Jeremiah 39; Jeremiah 40,2 Timothy 4,https://www.bible.com/reading-plans/13630-bibleproject-old-testament-in-a-year/day/303,https://www.bible.com/reading-plans/13233-bibleproject-new-testament-in-one-year/day/303,
304,Jeremiah 41; Jeremiah 42,Titus 1,https://www.bible.com/reading-plans/13630-bibleproject-old-testament-in-a-year/day/304,https://www.bible.com/reading-plans/13233-bibleproject-new-testament-in-one-year/day/304,https://www.youtube.com/embed/PUEYCVXJM3k
305,Jeremiah 43; Jeremiah 44,Titus 2,https://www.bible.com/reading-plans/13630-bibleproject-old-testament-in-a-year/day/305,https://www.bible.com/reading-plans/13233-bibleproject-new-testament-in-one-year/day/305,
306,Jeremiah 45; Jeremiah 46,Titus 3,https://www.bible.com/reading-plans/13630-bibleproject-old-testament-in-a-year/day/306,https://www.bible.com/reading-plans/13233-bibleproject-new-testament-in-one-year/day/306,
307,Jeremiah 47; Jeremiah 48,Philemon 1,https://www.bible.com/reading-plans/13630-bibleproject-old-testament-in-a-year/day/307,https://www.bible.com/reading-plans/13233-bibleproject-new-testament-in-one-year/day/307,https://www.youtube.com/embed/aW9Q3Jt6Yvk
308,Jeremiah 49; Jeremiah 50,Hebrews 1,https://www.bible.com/reading-plans/13630-bibleproject-old-testament-in-a-year/day/308,https://www.bible.com/reading-plans/13233-bibleproject-new-testament-in-one-year/day/308,https://www.youtube.com/embed/1fNWTZZwgbs
309,Jeremiah 51; Jeremiah 52,Hebrews 2,https://www.bible.com/reading-plans/13630-bibleproject-old-testament-in-a-year/day/309,https://www.bible.com/reading-plans/13233-bibleproject-new-testament-in-one-year/day/309,
310,Lamentations 1; Lamentations 2,Hebrews 3,https://www.bible.com/reading-plans/13630-bibleproject-old-testament-in-a-year/day/310,https://www.bible.com/reading-plans/13233-bibleproject-new-testament-in-one-year/day/310,https://www.youtube.com/embed/p8GDFPdaQZQ
311,Lamentations 3; Lamentations 4; Lamentations 5,Hebrews 4,https://www.bible.com/reading-plans/13630-bibleproject-old-testament-in-a-year/day/311,https://www.bible.com/reading-plans/13233-bibleproject-new-testament-in-one-year/day/311,
312,Ezekiel 1; Ezekiel 2,Hebrews 5,https://www.bible.com/reading-plans/13630-bibleproject-old-testament-in-a-year/day/312,https://www.bible.com/reading-plans/13233-bibleproject-new-testament-in-one-year/day/312,https://www.youtube.com/embed/R-CIPu1nko8
313,Ezekiel 3; Ezekiel 4,Hebrews 6,https://www.bible.com/reading-plans/13630-bibleproject-old-testament-in-a-year/day/313,https://www.bible.com/reading-plans/13233-bibleproject-new-testament-in-one-year/day/313,
314,Ezekiel 5; Ezekiel 6,Hebrews 7,https://www.bible.com/reading-plans/13630-bibleproject-old-testament-in-a-year/day/314,https://www.bible.com/reading-plans/13233-bibleproject-new-testament-in-one-year/day/314,
315,Ezekiel 7; Ezekiel 8,Hebrews 8,https://www.bible.com/reading-plans/13630-bibleproject-old-testament-in-a-year/day/315,https://www.bible.com/reading-plans/13233-bibleproject-new-testament-in-one-year/day/315,
316,Ezekiel 9; Ezekiel 10,Hebrews 9,https://www.bible.com/reading-plans/13630-bibleproject-old-testament-in-a-year/day/316,https://www.bible.com/reading-plans/13233-bibleproject-new-testament-in-one-year/day/316,
317,Ezekiel 11; Ezekiel 12,Hebrews 10,https://www.bible.com/reading-plans/13630-bibleproject-old-testament-in-a-year/day/317,https://www.bible.com/reading-plans/13233-bibleproject-new-testament-in-one-year/day/317,
318,Ezekiel 13; Ezekiel 14,Hebrews 10,https://www.bible.com/reading-plans/13630-bibleproject-old-testament-in-a-year/day/318,https://www.bible.com/reading-plans/13233-bibleproject-new-testament-in-one-year/day/318,
319,Ezekiel 15; Ezekiel 16,Hebrews 11,https://www.bible.com/reading-plans/13630-bibleproject-old-testament-in-a-year/day/319,https://www.bible.com/reading-plans/13233-bibleproject-new-testament-in-one-year/day/319,
320,Ezekiel 17; Ezekiel 18,Hebrews 11,https://www.bible.com/reading-plans/13630-bibleproject-old-testament-in-a-year/day/320,https://www.bible.com/reading-plans/13233-bibleproject-new-testament-in-one-year/day/320,
321,Ezekiel 19; Ezekiel 20,Hebrews 12,https://www.bible.com/reading-plans/13630-bibleproject-old-testament-in-a-year/day/321,https://www.bible.com/reading-plans/13233-bibleproject-new-testament-in-one-year/day/321,
322,Ezekiel 21; Ezekiel 22,Hebrews 13,https://www.bible.com/reading-plans/13630-bibleproject-old-testament-in-a-year/day/322,https://www.bible.com/reading-plans/13233-bibleproject-new-testament-in-one-year/day/322,
323,Ezekiel 23; Ezekiel 24,James 1,https://www.bible.com/reading-plans/13630-bibleproject-old-testament-in-a-year/day/323,https://www.bible.com/reading-plans/13233-bibleproject-new-testament-in-one-year/day/323,https://www.youtube.com/embed/qn-hLHWwRYY
324,Ezekiel 25; Ezekiel 26,James 2,https://www.bible.com/reading-plans/13630-bibleproject-old-testament-in-a-year/day/324,https://www.bible.com/reading-plans/13233-bibleproject-new-testament-in-one-year/day/324,
325,Ezekiel 27; Ezekiel 28,James 3,https://www.bible.com/reading-plans/13630-bibleproject-old-testament-in-a-year/day/325,https://www.bible.com/reading-plans/13233-bibleproject-new-testament-in-one-year/day/325,
326,Ezekiel 29; Ezekiel 30,James 4,https://www.bible.com/reading-plans/13630-bibleproject-old-testament-in-a-year/day/326,https://www.bible.com/reading-plans/13233-bibleproject-new-testament-in-one-year/day/326,
327,Ezekiel 31; Ezekiel 32,James 5,https://www.bible.com/reading-plans/13630-bibleproject-old-testament-in-a-year/day/327,https://www.bible.com/reading-plans/13233-bibleproject-new-testament-in-one-year/day/327,
328,Ezekiel 33; Ezekiel 34,1 Peter 1,https://www.bible.com/reading-plans/13630-bibleproject-old-testament-in-a-year/day/328,https://www.bible.com/reading-plans/13233-bibleproject-new-testament-in-one-year/day/328,https://www.youtube.com/embed/SDeCWW_Bnyw | https://www.youtube.com/embed/WhP7AZQlzCg
329,Ezekiel 35; Ezekiel 36,1 Peter 2,https://www.bible.com/reading-plans/13630-bibleproject-old-testament-in-a-year/day/329,https://www.bible.com/reading-plans/13233-bibleproject-new-testament-in-one-year/day/329,
330,Ezekiel 37; Ezekiel 38,1 Peter 3,https://www.bible.com/reading-plans/13630-bibleproject-old-testament-in-a-year/day/330,https://www.bible.com/reading-plans/13233-bibleproject-new-testament-in-one-year/day/330,
331,Ezekiel 39; Ezekiel 40,1 Peter 4,https://www.bible.com/reading-plans/13630-bibleproject-old-testament-in-a-year/day/331,https://www.bible.com/reading-plans/13233-bibleproject-new-testament-in-one-year/day/331,
332,Ezekiel 41; Ezekiel 42,1 Peter 5,https://www.bible.com/reading-plans/13630-bibleproject-old-testament-in-a-year/day/332,https://www.bible.com/reading-plans/13233-bibleproject-new-testament-in-one-year/day/332,
333,Ezekiel 43; Ezekiel 44,2 Peter 1,https://www.bible.com/reading-plans/13630-bibleproject-old-testament-in-a-year/day/333,https://www.bible.com/reading-plans/13233-bibleproject-new-testament-in-one-year/day/333,https://www.youtube.com/embed/wWLv_ITyKYc
334,Ezekiel 45; Ezekiel 46,2 Peter 2,https://www.bible.com/reading-plans/13630-bibleproject-old-testament-in-a-year/day/334,https://www.bible.com/reading-plans/13233-bibleproject-new-testament-in-one-year/day/334,
335,Ezekiel 47; Ezekiel 48,2 Peter 3,https://www.bible.com/reading-plans/13630-bibleproject-old-testament-in-a-year/day/335,https://www.bible.com/reading-plans/13233-bibleproject-new-testament-in-one-year/day/335,
336,Daniel 1; Daniel 2,1 John 1,https://www.bible.com/reading-plans/13630-bibleproject-old-testament-in-a-year/day/336,https://www.bible.com/reading-plans/13233-bibleproject-new-testament-in-one-year/day/336,https://www.youtube.com/embed/9cSC9uobtPM | https://www.youtube.com/embed/l3QkE6nKylM
337,Daniel 3; Daniel 4,1 John 2,https://www.bible.com/reading-plans/13630-bibleproject-old-testament-in-a-year/day/337,https://www.bible.com/reading-plans/13233-bibleproject-new-testament-in-one-year/day/337,https://www.youtube.com/embed/XzWpa0gcPyo
338,Daniel 5; Daniel 6,1 John 3,https://www.bible.com/reading-plans/13630-bibleproject-old-testament-in-a-year/day/338,https://www.bible.com/reading-plans/13233-bibleproject-new-testament-in-one-year/day/338,
339,Daniel 7; Daniel 8,1 John 4,https://www.bible.com/reading-plans/13630-bibleproject-old-testament-in-a-year/day/339,https://www.bible.com/reading-plans/13233-bibleproject-new-testament-in-one-year/day/339,
340,Daniel 9; Daniel 10,1 John 5,https://www.bible.com/reading-plans/13630-bibleproject-old-testament-in-a-year/day/340,https://www.bible.com/reading-plans/13233-bibleproject-new-testament-in-one-year/day/340,
341,Daniel 11; Daniel 12,2 John 1,https://www.bible.com/reading-plans/13630-bibleproject-old-testament-in-a-year/day/341,https://www.bible.com/reading-plans/13233-bibleproject-new-testament-in-one-year/day/341,
342,Hosea 1; Hosea 2; Hosea 3,3 John 1,https://www.bible.com/reading-plans/13630-bibleproject-old-testament-in-a-year/day/342,https://www.bible.com/reading-plans/13233-bibleproject-new-testament-in-one-year/day/342,https://www.youtube.com/embed/kE6SZ1ogOVU
343,Hosea 4; Hosea 5; Hosea 6; Hosea 7,Jude 1,https://www.bible.com/reading-plans/13630-bibleproject-old-testament-in-a-year/day/343,https://www.bible.com/reading-plans/13233-bibleproject-new-testament-in-one-year/day/343,https://www.youtube.com/embed/6UoCmakZmys
344,Hosea 8; Hosea 9; Hosea 10,Revelation 1,https://www.bible.com/reading-plans/13630-bibleproject-old-testament-in-a-year/day/344,https://www.bible.com/reading-plans/13233-bibleproject-new-testament-in-one-year/day/344,https://www.youtube.com/embed/5nvVVcYD-0w
345,Hosea 11; Hosea 12; Hosea 13; Hosea 14,Revelation 2,https://www.bible.com/reading-plans/13630-bibleproject-old-testament-in-a-year/day/345,https://www.bible.com/reading-plans/13233-bibleproject-new-testament-in-one-year/day/345,
346,Joel 1; Joel 2; Joel 3,Revelation 3,https://www.bible.com/reading-plans/13630-bibleproject-old-testament-in-a-year/day/346,https://www.bible.com/reading-plans/13233-bibleproject-new-testament-in-one-year/day/346,https://www.youtube.com/embed/zQLazbgz90c
347,Amos 1; Amos 2; Amos 3,Revelation 4,https://www.bible.com/reading-plans/13630-bibleproject-old-testament-in-a-year/day/347,https://www.bible.com/reading-plans/13233-bibleproject-new-testament-in-one-year/day/347,https://www.youtube.com/embed/mGgWaPGpGz4
348,Amos 4; Amos 5; Amos 6,Revelation 5,https://www.bible.com/reading-plans/13630-bibleproject-old-testament-in-a-year/day/348,https://www.bible.com/reading-plans/13233-bibleproject-new-testament-in-one-year/day/348,
349,Amos 7; Amos 8; Amos 9,Revelation 6,https://www.bible.com/reading-plans/13630-bibleproject-old-testament-in-a-year/day/349,https://www.bible.com/reading-plans/13233-bibleproject-new-testament-in-one-year/day/349,https://www.youtube.com/embed/tEBc2gSSW04
350,Obadiah 1,Revelation 7,https://www.bible.com/reading-plans/13630-bibleproject-old-testament-in-a-year/day/350,https://www.bible.com/reading-plans/13233-bibleproject-new-testament-in-one-year/day/350,https://www.youtube.com/embed/i4ogCrEoG5s
351,Jonah 1; Jonah 2; Jonah 3; Jonah 4,Revelation 8,https://www.bible.com/reading-plans/13630-bibleproject-old-testament-in-a-year/day/351,https://www.bible.com/reading-plans/13233-bibleproject-new-testament-in-one-year/day/351,https://www.youtube.com/embed/dLIabZc0O4c
352,Micah 1; Micah 2; Micah 3,Revelation 9,https://www.bible.com/reading-plans/13630-bibleproject-old-testament-in-a-year/day/352,https://www.bible.com/reading-plans/13233-bibleproject-new-testament-in-one-year/day/352,https://www.youtube.com/embed/MFEUEcylwLc
353,Micah 4; Micah 5,Revelation 10,https://www.bible.com/reading-plans/13630-bibleproject-old-testament-in-a-year/day/353,https://www.bible.com/reading-plans/13233-bibleproject-new-testament-in-one-year/day/353,
354,Micah 6; Micah 7,Revelation 11,https://www.bible.com/reading-plans/13630-bibleproject-old-testament-in-a-year/day/354,https://www.bible.com/reading-plans/13233-bibleproject-new-testament-in-one-year/day/354,
355,Nahum 1; Nahum 2; Nahum 3,Revelation 12,https://www.bible.com/reading-plans/13630-bibleproject-old-testament-in-a-year/day/355,https://www.bible.com/reading-plans/13233-bibleproject-new-testament-in-one-year/day/355,https://www.youtube.com/embed/Y30DanA5EhU | https://www.youtube.com/embed/QpnIrbq2bKo
356,Habakkuk 1; Habakkuk 2; Habakkuk 3,Revelation 13,https://www.bible.com/reading-plans/13630-bibleproject-old-testament-in-a-year/day/356,https://www.bible.com/reading-plans/13233-bibleproject-new-testament-in-one-year/day/356,https://www.youtube.com/embed/OPMaRqGJPUU
357,Zephaniah 1; Zephaniah 2; Zephaniah 3,Revelation 14,https://www.bible.com/reading-plans/13630-bibleproject-old-testament-in-a-year/day/357,https://www.bible.com/reading-plans/13233-bibleproject-new-testament-in-one-year/day/357,https://www.youtube.com/embed/oFZknKPNvz8
358,Haggai 1; Haggai 2,Revelation 15,https://www.bible.com/reading-plans/13630-bibleproject-old-testament-in-a-year/day/358,https://www.bible.com/reading-plans/13233-bibleproject-new-testament-in-one-year/day/358,https://www.youtube.com/embed/juPvv_xcX-U
359,Zechariah 1; Zechariah 2; Zechariah 3,Revelation 16,https://www.bible.com/reading-plans/13630-bibleproject-old-testament-in-a-year/day/359,https://www.bible.com/reading-plans/13233-bibleproject-new-testament-in-one-year/day/359,https://www.youtube.com/embed/_106IfO6Kc0
360,Zechariah 4; Zechariah 5; Zechariah 6,Revelation 17,https://www.bible.com/reading-plans/13630-bibleproject-old-testament-in-a-year/day/360,https://www.bible.com/reading-plans/13233-bibleproject-new-testament-in-one-year/day/360,
361,Zechariah 7; Zechariah 8,Revelation 18,https://www.bible.com/reading-plans/13630-bibleproject-old-testament-in-a-year/day/361,https://www.bible.com/reading-plans/13233-bibleproject-new-testament-in-one-year/day/361,
362,Zechariah 9; Zechariah 10,Revelation 19,https://www.bible.com/reading-plans/13630-bibleproject-old-testament-in-a-year/day/362,https://www.bible.com/reading-plans/13233-bibleproject-new-testament-in-one-year/day/362,
363,Zechariah 11; Zechariah 12,Revelation 20,https://www.bible.com/reading-plans/13630-bibleproject-old-testament-in-a-year/day/363,https://www.bible.com/reading-plans/13233-bibleproject-new-testament-in-one-year/day/363,https://www.youtube.com/embed/Zy2AQlK6C5k
364,Zechariah 13; Zechariah 14,Revelation 21,https://www.bible.com/reading-plans/13630-bibleproject-old-testament-in-a-year/day/364,https://www.bible.com/reading-plans/13233-bibleproject-new-testament-in-one-year/day/364,
365,Malachi 1; Malachi 2; Malachi 3; Malachi 4,Revelation 22,https://www.bible.com/reading-plans/13630-bibleproject-old-testament-in-a-year/day/365,https://www.bible.com/reading-plans/13233-bibleproject-new-testament-in-one-year/day/365,https://www.youtube.com/embed/HPGShWZ4Jvk
