Day,Scripture_Readings,URL
1,Genesis 1; Genesis 2,https://www.bible.com/reading-plans/13630-bibleproject-old-testament-in-a-year/day/1
2,Genesis 3; Genesis 4,https://www.bible.com/reading-plans/13630-bibleproject-old-testament-in-a-year/day/2
3,Genesis 5; Genesis 6,https://www.bible.com/reading-plans/13630-bibleproject-old-testament-in-a-year/day/3
4,Genesis 7; Genesis 8; Genesis 9,https://www.bible.com/reading-plans/13630-bibleproject-old-testament-in-a-year/day/4
5,Genesis 10; Genesis 11,https://www.bible.com/reading-plans/13630-bibleproject-old-testament-in-a-year/day/5
6,Genesis 12; Genesis 13; Genesis 14,https://www.bible.com/reading-plans/13630-bibleproject-old-testament-in-a-year/day/6
7,Genesis 15; Genesis 16,https://www.bible.com/reading-plans/13630-bibleproject-old-testament-in-a-year/day/7
8,Genesis 17; Genesis 18,https://www.bible.com/reading-plans/13630-bibleproject-old-testament-in-a-year/day/8
9,Genesis 19; Genesis 20,https://www.bible.com/reading-plans/13630-bibleproject-old-testament-in-a-year/day/9
10,Genesis 21; Genesis 22,https://www.bible.com/reading-plans/13630-bibleproject-old-testament-in-a-year/day/10
11,Genesis 23; Genesis 24,https://www.bible.com/reading-plans/13630-bibleproject-old-testament-in-a-year/day/11
12,Genesis 25; Genesis 26,https://www.bible.com/reading-plans/13630-bibleproject-old-testament-in-a-year/day/12
13,Genesis 27; Genesis 28,https://www.bible.com/reading-plans/13630-bibleproject-old-testament-in-a-year/day/13
14,Genesis 29; Genesis 30,https://www.bible.com/reading-plans/13630-bibleproject-old-testament-in-a-year/day/14
15,Genesis 31; Genesis 32,https://www.bible.com/reading-plans/13630-bibleproject-old-testament-in-a-year/day/15
16,Genesis 33; Genesis 34,https://www.bible.com/reading-plans/13630-bibleproject-old-testament-in-a-year/day/16
17,Genesis 35; Genesis 36,https://www.bible.com/reading-plans/13630-bibleproject-old-testament-in-a-year/day/17
18,Genesis 37; Genesis 38,https://www.bible.com/reading-plans/13630-bibleproject-old-testament-in-a-year/day/18
19,Genesis 39; Genesis 40; Genesis 41,https://www.bible.com/reading-plans/13630-bibleproject-old-testament-in-a-year/day/19
20,Genesis 42; Genesis 43; Genesis 44,https://www.bible.com/reading-plans/13630-bibleproject-old-testament-in-a-year/day/20
21,Genesis 45; Genesis 46; Genesis 47,https://www.bible.com/reading-plans/13630-bibleproject-old-testament-in-a-year/day/21
22,Genesis 48; Genesis 49; Genesis 50,https://www.bible.com/reading-plans/13630-bibleproject-old-testament-in-a-year/day/22
23,Exodus 1; Exodus 2,https://www.bible.com/reading-plans/13630-bibleproject-old-testament-in-a-year/day/23
24,Exodus 3; Exodus 4,https://www.bible.com/reading-plans/13630-bibleproject-old-testament-in-a-year/day/24
25,Exodus 5; Exodus 6,https://www.bible.com/reading-plans/13630-bibleproject-old-testament-in-a-year/day/25
26,Exodus 7; Exodus 8; Exodus 9,https://www.bible.com/reading-plans/13630-bibleproject-old-testament-in-a-year/day/26
27,Exodus 10; Exodus 11,https://www.bible.com/reading-plans/13630-bibleproject-old-testament-in-a-year/day/27
28,Exodus 12; Exodus 13; Exodus 14,https://www.bible.com/reading-plans/13630-bibleproject-old-testament-in-a-year/day/28
29,Exodus 15; Exodus 16,https://www.bible.com/reading-plans/13630-bibleproject-old-testament-in-a-year/day/29
30,Exodus 17; Exodus 18,https://www.bible.com/reading-plans/13630-bibleproject-old-testament-in-a-year/day/30
31,Exodus 19; Exodus 20; Exodus 21,https://www.bible.com/reading-plans/13630-bibleproject-old-testament-in-a-year/day/31
32,Exodus 22; Exodus 23; Exodus 24,https://www.bible.com/reading-plans/13630-bibleproject-old-testament-in-a-year/day/32
33,Exodus 25; Exodus 26; Exodus 27,https://www.bible.com/reading-plans/13630-bibleproject-old-testament-in-a-year/day/33
34,Exodus 28; Exodus 29; Exodus 30,https://www.bible.com/reading-plans/13630-bibleproject-old-testament-in-a-year/day/34
35,Exodus 31; Exodus 32; Exodus 33,https://www.bible.com/reading-plans/13630-bibleproject-old-testament-in-a-year/day/35
36,Exodus 34; Exodus 35; Exodus 36,https://www.bible.com/reading-plans/13630-bibleproject-old-testament-in-a-year/day/36
37,Exodus 37; Exodus 38,https://www.bible.com/reading-plans/13630-bibleproject-old-testament-in-a-year/day/37
38,Exodus 39; Exodus 40,https://www.bible.com/reading-plans/13630-bibleproject-old-testament-in-a-year/day/38
39,Leviticus 1; Leviticus 2; Leviticus 3,https://www.bible.com/reading-plans/13630-bibleproject-old-testament-in-a-year/day/39
40,Leviticus 4; Leviticus 5; Leviticus 6,https://www.bible.com/reading-plans/13630-bibleproject-old-testament-in-a-year/day/40
41,Leviticus 7; Leviticus 8; Leviticus 9,https://www.bible.com/reading-plans/13630-bibleproject-old-testament-in-a-year/day/41
42,Leviticus 10; Leviticus 11; Leviticus 12,https://www.bible.com/reading-plans/13630-bibleproject-old-testament-in-a-year/day/42
43,Leviticus 13; Leviticus 14; Leviticus 15,https://www.bible.com/reading-plans/13630-bibleproject-old-testament-in-a-year/day/43
44,Leviticus 16; Leviticus 17; Leviticus 18,https://www.bible.com/reading-plans/13630-bibleproject-old-testament-in-a-year/day/44
45,Leviticus 19; Leviticus 20; Leviticus 21,https://www.bible.com/reading-plans/13630-bibleproject-old-testament-in-a-year/day/45
46,Leviticus 22; Leviticus 23; Leviticus 24,https://www.bible.com/reading-plans/13630-bibleproject-old-testament-in-a-year/day/46
47,Leviticus 25; Leviticus 26; Leviticus 27,https://www.bible.com/reading-plans/13630-bibleproject-old-testament-in-a-year/day/47
48,Numbers 1; Numbers 2,https://www.bible.com/reading-plans/13630-bibleproject-old-testament-in-a-year/day/48
49,Numbers 3; Numbers 4,https://www.bible.com/reading-plans/13630-bibleproject-old-testament-in-a-year/day/49
50,Numbers 5; Numbers 6,https://www.bible.com/reading-plans/13630-bibleproject-old-testament-in-a-year/day/50
51,Numbers 7; Numbers 8,https://www.bible.com/reading-plans/13630-bibleproject-old-testament-in-a-year/day/51
52,Numbers 9; Numbers 10; Numbers 11,https://www.bible.com/reading-plans/13630-bibleproject-old-testament-in-a-year/day/52
53,Numbers 12; Numbers 13; Numbers 14,https://www.bible.com/reading-plans/13630-bibleproject-old-testament-in-a-year/day/53
54,Numbers 15; Numbers 16,https://www.bible.com/reading-plans/13630-bibleproject-old-testament-in-a-year/day/54
55,Numbers 17; Numbers 18; Numbers 19,https://www.bible.com/reading-plans/13630-bibleproject-old-testament-in-a-year/day/55
56,Numbers 20; Numbers 21,https://www.bible.com/reading-plans/13630-bibleproject-old-testament-in-a-year/day/56
57,Numbers 22; Numbers 23; Numbers 24,https://www.bible.com/reading-plans/13630-bibleproject-old-testament-in-a-year/day/57
58,Numbers 25; Numbers 26,https://www.bible.com/reading-plans/13630-bibleproject-old-testament-in-a-year/day/58
59,Numbers 27; Numbers 28,https://www.bible.com/reading-plans/13630-bibleproject-old-testament-in-a-year/day/59
60,Numbers 29; Numbers 30,https://www.bible.com/reading-plans/13630-bibleproject-old-testament-in-a-year/day/60
61,Numbers 31; Numbers 32,https://www.bible.com/reading-plans/13630-bibleproject-old-testament-in-a-year/day/61
62,Numbers 33; Numbers 34,https://www.bible.com/reading-plans/13630-bibleproject-old-testament-in-a-year/day/62
63,Numbers 35; Numbers 36,https://www.bible.com/reading-plans/13630-bibleproject-old-testament-in-a-year/day/63
64,Deuteronomy 1; Deuteronomy 2,https://www.bible.com/reading-plans/13630-bibleproject-old-testament-in-a-year/day/64
65,Deuteronomy 3; Deuteronomy 4,https://www.bible.com/reading-plans/13630-bibleproject-old-testament-in-a-year/day/65
66,Deuteronomy 5; Deuteronomy 6,https://www.bible.com/reading-plans/13630-bibleproject-old-testament-in-a-year/day/66
67,Deuteronomy 7; Deuteronomy 8; Deuteronomy 9,https://www.bible.com/reading-plans/13630-bibleproject-old-testament-in-a-year/day/67
68,Deuteronomy 10; Deuteronomy 11,https://www.bible.com/reading-plans/13630-bibleproject-old-testament-in-a-year/day/68
69,Deuteronomy 12; Deuteronomy 13,https://www.bible.com/reading-plans/13630-bibleproject-old-testament-in-a-year/day/69
70,Deuteronomy 14; Deuteronomy 15,https://www.bible.com/reading-plans/13630-bibleproject-old-testament-in-a-year/day/70
71,Deuteronomy 16; Deuteronomy 17,https://www.bible.com/reading-plans/13630-bibleproject-old-testament-in-a-year/day/71
72,Deuteronomy 18; Deuteronomy 19,https://www.bible.com/reading-plans/13630-bibleproject-old-testament-in-a-year/day/72
73,Deuteronomy 20; Deuteronomy 21,https://www.bible.com/reading-plans/13630-bibleproject-old-testament-in-a-year/day/73
74,Deuteronomy 22; Deuteronomy 23,https://www.bible.com/reading-plans/13630-bibleproject-old-testament-in-a-year/day/74
75,Deuteronomy 24; Deuteronomy 25,https://www.bible.com/reading-plans/13630-bibleproject-old-testament-in-a-year/day/75
76,Deuteronomy 26; Deuteronomy 27,https://www.bible.com/reading-plans/13630-bibleproject-old-testament-in-a-year/day/76
77,Deuteronomy 28; Deuteronomy 29,https://www.bible.com/reading-plans/13630-bibleproject-old-testament-in-a-year/day/77
78,Deuteronomy 30; Deuteronomy 31; Deuteronomy 32,https://www.bible.com/reading-plans/13630-bibleproject-old-testament-in-a-year/day/78
79,Deuteronomy 33; Deuteronomy 34,https://www.bible.com/reading-plans/13630-bibleproject-old-testament-in-a-year/day/79
80,Joshua 1; Joshua 2,https://www.bible.com/reading-plans/13630-bibleproject-old-testament-in-a-year/day/80
81,Joshua 3; Joshua 4,https://www.bible.com/reading-plans/13630-bibleproject-old-testament-in-a-year/day/81
82,Joshua 5; Joshua 6,https://www.bible.com/reading-plans/13630-bibleproject-old-testament-in-a-year/day/82
83,Joshua 7; Joshua 8; Joshua 9,https://www.bible.com/reading-plans/13630-bibleproject-old-testament-in-a-year/day/83
84,Joshua 10; Joshua 11; Joshua 12,https://www.bible.com/reading-plans/13630-bibleproject-old-testament-in-a-year/day/84
85,Joshua 13; Joshua 14; Joshua 15,https://www.bible.com/reading-plans/13630-bibleproject-old-testament-in-a-year/day/85
86,Joshua 16; Joshua 17,https://www.bible.com/reading-plans/13630-bibleproject-old-testament-in-a-year/day/86
87,Joshua 18; Joshua 19; Joshua 20,https://www.bible.com/reading-plans/13630-bibleproject-old-testament-in-a-year/day/87
88,Joshua 21; Joshua 22,https://www.bible.com/reading-plans/13630-bibleproject-old-testament-in-a-year/day/88
89,Joshua 23; Joshua 24,https://www.bible.com/reading-plans/13630-bibleproject-old-testament-in-a-year/day/89
90,Judges 1; Judges 2; Judges 3,https://www.bible.com/reading-plans/13630-bibleproject-old-testament-in-a-year/day/90
91,Judges 4; Judges 5; Judges 6,https://www.bible.com/reading-plans/13630-bibleproject-old-testament-in-a-year/day/91
92,Judges 7; Judges 8; Judges 9,https://www.bible.com/reading-plans/13630-bibleproject-old-testament-in-a-year/day/92
93,Judges 10; Judges 11; Judges 12,https://www.bible.com/reading-plans/13630-bibleproject-old-testament-in-a-year/day/93
94,Judges 13; Judges 14; Judges 15,https://www.bible.com/reading-plans/13630-bibleproject-old-testament-in-a-year/day/94
95,Judges 16; Judges 17; Judges 18,https://www.bible.com/reading-plans/13630-bibleproject-old-testament-in-a-year/day/95
96,Judges 19; Judges 20; Judges 21,https://www.bible.com/reading-plans/13630-bibleproject-old-testament-in-a-year/day/96
97,Ruth 1; Ruth 2; Ruth 3; Ruth 4,https://www.bible.com/reading-plans/13630-bibleproject-old-testament-in-a-year/day/97
98,1 Samuel 1; 1 Samuel 2; 1 Samuel 3,https://www.bible.com/reading-plans/13630-bibleproject-old-testament-in-a-year/day/98
99,1 Samuel 4; 1 Samuel 5; 1 Samuel 6,https://www.bible.com/reading-plans/13630-bibleproject-old-testament-in-a-year/day/99
100,1 Samuel 7; 1 Samuel 8; 1 Samuel 9,https://www.bible.com/reading-plans/13630-bibleproject-old-testament-in-a-year/day/100
101,1 Samuel 10; 1 Samuel 11; 1 Samuel 12,https://www.bible.com/reading-plans/13630-bibleproject-old-testament-in-a-year/day/101
102,1 Samuel 13; 1 Samuel 14; 1 Samuel 15,https://www.bible.com/reading-plans/13630-bibleproject-old-testament-in-a-year/day/102
103,1 Samuel 16; 1 Samuel 17; 1 Samuel 18,https://www.bible.com/reading-plans/13630-bibleproject-old-testament-in-a-year/day/103
104,1 Samuel 19; 1 Samuel 20,https://www.bible.com/reading-plans/13630-bibleproject-old-testament-in-a-year/day/104
105,1 Samuel 21; 1 Samuel 22; 1 Samuel 23,https://www.bible.com/reading-plans/13630-bibleproject-old-testament-in-a-year/day/105
106,1 Samuel 24; 1 Samuel 25; 1 Samuel 26,https://www.bible.com/reading-plans/13630-bibleproject-old-testament-in-a-year/day/106
107,1 Samuel 27; 1 Samuel 28; 1 Samuel 29,https://www.bible.com/reading-plans/13630-bibleproject-old-testament-in-a-year/day/107
108,1 Samuel 30; 1 Samuel 31,https://www.bible.com/reading-plans/13630-bibleproject-old-testament-in-a-year/day/108
109,2 Samuel 1; 2 Samuel 2; 2 Samuel 3,https://www.bible.com/reading-plans/13630-bibleproject-old-testament-in-a-year/day/109
110,2 Samuel 4; 2 Samuel 5; 2 Samuel 6,https://www.bible.com/reading-plans/13630-bibleproject-old-testament-in-a-year/day/110
111,2 Samuel 7; 2 Samuel 8; 2 Samuel 9,https://www.bible.com/reading-plans/13630-bibleproject-old-testament-in-a-year/day/111
112,2 Samuel 10; 2 Samuel 11; 2 Samuel 12,https://www.bible.com/reading-plans/13630-bibleproject-old-testament-in-a-year/day/112
113,2 Samuel 13; 2 Samuel 14; 2 Samuel 15,https://www.bible.com/reading-plans/13630-bibleproject-old-testament-in-a-year/day/113
114,2 Samuel 16; 2 Samuel 17; 2 Samuel 18,https://www.bible.com/reading-plans/13630-bibleproject-old-testament-in-a-year/day/114
115,2 Samuel 19; 2 Samuel 20,https://www.bible.com/reading-plans/13630-bibleproject-old-testament-in-a-year/day/115
116,2 Samuel 21; 2 Samuel 22,https://www.bible.com/reading-plans/13630-bibleproject-old-testament-in-a-year/day/116
117,2 Samuel 23; 2 Samuel 24,https://www.bible.com/reading-plans/13630-bibleproject-old-testament-in-a-year/day/117
118,1 Kings 1; 1 Kings 2; 1 Kings 3,https://www.bible.com/reading-plans/13630-bibleproject-old-testament-in-a-year/day/118
119,1 Kings 4; 1 Kings 5; 1 Kings 6,https://www.bible.com/reading-plans/13630-bibleproject-old-testament-in-a-year/day/119
120,1 Kings 7; 1 Kings 8,https://www.bible.com/reading-plans/13630-bibleproject-old-testament-in-a-year/day/120
121,1 Kings 9; 1 Kings 10; 1 Kings 11,https://www.bible.com/reading-plans/13630-bibleproject-old-testament-in-a-year/day/121
122,1 Kings 12; 1 Kings 13; 1 Kings 14,https://www.bible.com/reading-plans/13630-bibleproject-old-testament-in-a-year/day/122
123,1 Kings 15; 1 Kings 16,https://www.bible.com/reading-plans/13630-bibleproject-old-testament-in-a-year/day/123
124,1 Kings 17; 1 Kings 18,https://www.bible.com/reading-plans/13630-bibleproject-old-testament-in-a-year/day/124
125,1 Kings 19; 1 Kings 20,https://www.bible.com/reading-plans/13630-bibleproject-old-testament-in-a-year/day/125
126,1 Kings 21; 1 Kings 22,https://www.bible.com/reading-plans/13630-bibleproject-old-testament-in-a-year/day/126
127,2 Kings 1; 2 Kings 2; 2 Kings 3,https://www.bible.com/reading-plans/13630-bibleproject-old-testament-in-a-year/day/127
128,2 Kings 4; 2 Kings 5; 2 Kings 6,https://www.bible.com/reading-plans/13630-bibleproject-old-testament-in-a-year/day/128
129,2 Kings 7; 2 Kings 8,https://www.bible.com/reading-plans/13630-bibleproject-old-testament-in-a-year/day/129
130,2 Kings 9; 2 Kings 10; 2 Kings 11,https://www.bible.com/reading-plans/13630-bibleproject-old-testament-in-a-year/day/130
131,2 Kings 12; 2 Kings 13; 2 Kings 14,https://www.bible.com/reading-plans/13630-bibleproject-old-testament-in-a-year/day/131
132,2 Kings 15; 2 Kings 16; 2 Kings 17,https://www.bible.com/reading-plans/13630-bibleproject-old-testament-in-a-year/day/132
133,2 Kings 18; 2 Kings 19; 2 Kings 20,https://www.bible.com/reading-plans/13630-bibleproject-old-testament-in-a-year/day/133
134,2 Kings 21; 2 Kings 22; 2 Kings 23,https://www.bible.com/reading-plans/13630-bibleproject-old-testament-in-a-year/day/134
135,2 Kings 24; 2 Kings 25,https://www.bible.com/reading-plans/13630-bibleproject-old-testament-in-a-year/day/135
136,1 Chronicles 1; 1 Chronicles 2; 1 Chronicles 3,https://www.bible.com/reading-plans/13630-bibleproject-old-testament-in-a-year/day/136
137,1 Chronicles 4; 1 Chronicles 5; 1 Chronicles 6,https://www.bible.com/reading-plans/13630-bibleproject-old-testament-in-a-year/day/137
138,1 Chronicles 7; 1 Chronicles 8; 1 Chronicles 9,https://www.bible.com/reading-plans/13630-bibleproject-old-testament-in-a-year/day/138
139,1 Chronicles 10; 1 Chronicles 11; 1 Chronicles 12,https://www.bible.com/reading-plans/13630-bibleproject-old-testament-in-a-year/day/139
140,1 Chronicles 13; 1 Chronicles 14; 1 Chronicles 15; 1 Chronicles 16,https://www.bible.com/reading-plans/13630-bibleproject-old-testament-in-a-year/day/140
141,1 Chronicles 17; 1 Chronicles 18; 1 Chronicles 19,https://www.bible.com/reading-plans/13630-bibleproject-old-testament-in-a-year/day/141
142,1 Chronicles 20; 1 Chronicles 21,https://www.bible.com/reading-plans/13630-bibleproject-old-testament-in-a-year/day/142
143,1 Chronicles 22; 1 Chronicles 23; 1 Chronicles 24,https://www.bible.com/reading-plans/13630-bibleproject-old-testament-in-a-year/day/143
144,1 Chronicles 25; 1 Chronicles 26; 1 Chronicles 27,https://www.bible.com/reading-plans/13630-bibleproject-old-testament-in-a-year/day/144
145,1 Chronicles 28; 1 Chronicles 29,https://www.bible.com/reading-plans/13630-bibleproject-old-testament-in-a-year/day/145
146,2 Chronicles 1; 2 Chronicles 2; 2 Chronicles 3,https://www.bible.com/reading-plans/13630-bibleproject-old-testament-in-a-year/day/146
147,2 Chronicles 4; 2 Chronicles 5; 2 Chronicles 6; 2 Chronicles 7,https://www.bible.com/reading-plans/13630-bibleproject-old-testament-in-a-year/day/147
148,2 Chronicles 8; 2 Chronicles 9,https://www.bible.com/reading-plans/13630-bibleproject-old-testament-in-a-year/day/148
149,2 Chronicles 10; 2 Chronicles 11; 2 Chronicles 12,https://www.bible.com/reading-plans/13630-bibleproject-old-testament-in-a-year/day/149
150,2 Chronicles 13; 2 Chronicles 14; 2 Chronicles 15; 2 Chronicles 16,https://www.bible.com/reading-plans/13630-bibleproject-old-testament-in-a-year/day/150
151,2 Chronicles 17; 2 Chronicles 18; 2 Chronicles 19; 2 Chronicles 20,https://www.bible.com/reading-plans/13630-bibleproject-old-testament-in-a-year/day/151
152,2 Chronicles 21; 2 Chronicles 22,https://www.bible.com/reading-plans/13630-bibleproject-old-testament-in-a-year/day/152
153,2 Chronicles 23; 2 Chronicles 24,https://www.bible.com/reading-plans/13630-bibleproject-old-testament-in-a-year/day/153
154,2 Chronicles 25; 2 Chronicles 26; 2 Chronicles 27,https://www.bible.com/reading-plans/13630-bibleproject-old-testament-in-a-year/day/154
155,2 Chronicles 28; 2 Chronicles 29; 2 Chronicles 30,https://www.bible.com/reading-plans/13630-bibleproject-old-testament-in-a-year/day/155
156,2 Chronicles 31; 2 Chronicles 32,https://www.bible.com/reading-plans/13630-bibleproject-old-testament-in-a-year/day/156
157,2 Chronicles 33; 2 Chronicles 34,https://www.bible.com/reading-plans/13630-bibleproject-old-testament-in-a-year/day/157
158,2 Chronicles 35; 2 Chronicles 36,https://www.bible.com/reading-plans/13630-bibleproject-old-testament-in-a-year/day/158
159,Ezra 1; Ezra 2; Ezra 3,https://www.bible.com/reading-plans/13630-bibleproject-old-testament-in-a-year/day/159
160,Ezra 4; Ezra 5; Ezra 6,https://www.bible.com/reading-plans/13630-bibleproject-old-testament-in-a-year/day/160
161,Ezra 7; Ezra 8; Ezra 9; Ezra 10,https://www.bible.com/reading-plans/13630-bibleproject-old-testament-in-a-year/day/161
162,Nehemiah 1; Nehemiah 2; Nehemiah 3; Nehemiah 4,https://www.bible.com/reading-plans/13630-bibleproject-old-testament-in-a-year/day/162
163,Nehemiah 5; Nehemiah 6; Nehemiah 7,https://www.bible.com/reading-plans/13630-bibleproject-old-testament-in-a-year/day/163
164,Nehemiah 8; Nehemiah 9; Nehemiah 10,https://www.bible.com/reading-plans/13630-bibleproject-old-testament-in-a-year/day/164
165,Nehemiah 11; Nehemiah 12; Nehemiah 13,https://www.bible.com/reading-plans/13630-bibleproject-old-testament-in-a-year/day/165
166,Esther 1; Esther 2; Esther 3,https://www.bible.com/reading-plans/13630-bibleproject-old-testament-in-a-year/day/166
167,Esther 4; Esther 5; Esther 6; Esther 7,https://www.bible.com/reading-plans/13630-bibleproject-old-testament-in-a-year/day/167
168,Esther 8; Esther 9; Esther 10,https://www.bible.com/reading-plans/13630-bibleproject-old-testament-in-a-year/day/168
169,Job 1; Job 2; Job 3,https://www.bible.com/reading-plans/13630-bibleproject-old-testament-in-a-year/day/169
170,Job 4; Job 5,https://www.bible.com/reading-plans/13630-bibleproject-old-testament-in-a-year/day/170
171,Job 6; Job 7,https://www.bible.com/reading-plans/13630-bibleproject-old-testament-in-a-year/day/171
172,Job 8; Job 9; Job 10,https://www.bible.com/reading-plans/13630-bibleproject-old-testament-in-a-year/day/172
173,Job 11; Job 12,https://www.bible.com/reading-plans/13630-bibleproject-old-testament-in-a-year/day/173
174,Job 13; Job 14,https://www.bible.com/reading-plans/13630-bibleproject-old-testament-in-a-year/day/174
175,Job 15; Job 16; Job 17,https://www.bible.com/reading-plans/13630-bibleproject-old-testament-in-a-year/day/175
176,Job 18; Job 19,https://www.bible.com/reading-plans/13630-bibleproject-old-testament-in-a-year/day/176
177,Job 20; Job 21,https://www.bible.com/reading-plans/13630-bibleproject-old-testament-in-a-year/day/177
178,Job 22; Job 23; Job 24,https://www.bible.com/reading-plans/13630-bibleproject-old-testament-in-a-year/day/178
179,Job 25; Job 26; Job 27; Job 28,https://www.bible.com/reading-plans/13630-bibleproject-old-testament-in-a-year/day/179
180,Job 29; Job 30; Job 31,https://www.bible.com/reading-plans/13630-bibleproject-old-testament-in-a-year/day/180
181,Job 32; Job 33; Job 34,https://www.bible.com/reading-plans/13630-bibleproject-old-testament-in-a-year/day/181
182,Job 35; Job 36; Job 37,https://www.bible.com/reading-plans/13630-bibleproject-old-testament-in-a-year/day/182
183,Job 38; Job 39,https://www.bible.com/reading-plans/13630-bibleproject-old-testament-in-a-year/day/183
184,Job 40; Job 41; Job 42,https://www.bible.com/reading-plans/13630-bibleproject-old-testament-in-a-year/day/184
185,Psalms 1; Psalms 2; Psalms 3,https://www.bible.com/reading-plans/13630-bibleproject-old-testament-in-a-year/day/185
186,Psalms 4; Psalms 5; Psalms 6,https://www.bible.com/reading-plans/13630-bibleproject-old-testament-in-a-year/day/186
187,Psalms 7; Psalms 8; Psalms 9,https://www.bible.com/reading-plans/13630-bibleproject-old-testament-in-a-year/day/187
188,Psalms 10; Psalms 11; Psalms 12,https://www.bible.com/reading-plans/13630-bibleproject-old-testament-in-a-year/day/188
189,Psalms 13; Psalms 14; Psalms 15,https://www.bible.com/reading-plans/13630-bibleproject-old-testament-in-a-year/day/189
190,Psalms 16; Psalms 17; Psalms 18,https://www.bible.com/reading-plans/13630-bibleproject-old-testament-in-a-year/day/190
191,Psalms 19; Psalms 20; Psalms 21,https://www.bible.com/reading-plans/13630-bibleproject-old-testament-in-a-year/day/191
192,Psalms 22; Psalms 23; Psalms 24,https://www.bible.com/reading-plans/13630-bibleproject-old-testament-in-a-year/day/192
193,Psalms 25; Psalms 26; Psalms 27,https://www.bible.com/reading-plans/13630-bibleproject-old-testament-in-a-year/day/193
194,Psalms 28; Psalms 29; Psalms 30,https://www.bible.com/reading-plans/13630-bibleproject-old-testament-in-a-year/day/194
195,Psalms 31; Psalms 32; Psalms 33,https://www.bible.com/reading-plans/13630-bibleproject-old-testament-in-a-year/day/195
196,Psalms 34; Psalms 35; Psalms 36,https://www.bible.com/reading-plans/13630-bibleproject-old-testament-in-a-year/day/196
197,Psalms 37; Psalms 38; Psalms 39,https://www.bible.com/reading-plans/13630-bibleproject-old-testament-in-a-year/day/197
198,Psalms 40; Psalms 41; Psalms 42,https://www.bible.com/reading-plans/13630-bibleproject-old-testament-in-a-year/day/198
199,Psalms 43; Psalms 44; Psalms 45,https://www.bible.com/reading-plans/13630-bibleproject-old-testament-in-a-year/day/199
200,Psalms 46; Psalms 47; Psalms 48,https://www.bible.com/reading-plans/13630-bibleproject-old-testament-in-a-year/day/200
201,Psalms 49; Psalms 50; Psalms 51,https://www.bible.com/reading-plans/13630-bibleproject-old-testament-in-a-year/day/201
202,Psalms 52; Psalms 53; Psalms 54,https://www.bible.com/reading-plans/13630-bibleproject-old-testament-in-a-year/day/202
203,Psalms 55; Psalms 56; Psalms 57,https://www.bible.com/reading-plans/13630-bibleproject-old-testament-in-a-year/day/203
204,Psalms 58; Psalms 59; Psalms 60,https://www.bible.com/reading-plans/13630-bibleproject-old-testament-in-a-year/day/204
205,Psalms 61; Psalms 62; Psalms 63,https://www.bible.com/reading-plans/13630-bibleproject-old-testament-in-a-year/day/205
206,Psalms 64; Psalms 65; Psalms 66,https://www.bible.com/reading-plans/13630-bibleproject-old-testament-in-a-year/day/206
207,Psalms 67; Psalms 68; Psalms 69,https://www.bible.com/reading-plans/13630-bibleproject-old-testament-in-a-year/day/207
208,Psalms 70; Psalms 71; Psalms 72,https://www.bible.com/reading-plans/13630-bibleproject-old-testament-in-a-year/day/208
209,Psalms 73; Psalms 74; Psalms 75,https://www.bible.com/reading-plans/13630-bibleproject-old-testament-in-a-year/day/209
210,Psalms 76; Psalms 77; Psalms 78,https://www.bible.com/reading-plans/13630-bibleproject-old-testament-in-a-year/day/210
211,Psalms 79; Psalms 80; Psalms 81,https://www.bible.com/reading-plans/13630-bibleproject-old-testament-in-a-year/day/211
212,Psalms 82; Psalms 83; Psalms 84,https://www.bible.com/reading-plans/13630-bibleproject-old-testament-in-a-year/day/212
213,Psalms 85; Psalms 86; Psalms 87,https://www.bible.com/reading-plans/13630-bibleproject-old-testament-in-a-year/day/213
214,Psalms 88; Psalms 89; Psalms 90,https://www.bible.com/reading-plans/13630-bibleproject-old-testament-in-a-year/day/214
215,Psalms 91; Psalms 92; Psalms 93,https://www.bible.com/reading-plans/13630-bibleproject-old-testament-in-a-year/day/215
216,Psalms 94; Psalms 95; Psalms 96,https://www.bible.com/reading-plans/13630-bibleproject-old-testament-in-a-year/day/216
217,Psalms 97; Psalms 98; Psalms 99,https://www.bible.com/reading-plans/13630-bibleproject-old-testament-in-a-year/day/217
218,Psalms 100; Psalms 101; Psalms 102,https://www.bible.com/reading-plans/13630-bibleproject-old-testament-in-a-year/day/218
219,Psalms 103; Psalms 104; Psalms 105,https://www.bible.com/reading-plans/13630-bibleproject-old-testament-in-a-year/day/219
220,Psalms 106; Psalms 107; Psalms 108,https://www.bible.com/reading-plans/13630-bibleproject-old-testament-in-a-year/day/220
221,Psalms 109; Psalms 110; Psalms 111,https://www.bible.com/reading-plans/13630-bibleproject-old-testament-in-a-year/day/221
222,Psalms 112; Psalms 113; Psalms 114,https://www.bible.com/reading-plans/13630-bibleproject-old-testament-in-a-year/day/222
223,Psalms 115; Psalms 116; Psalms 117,https://www.bible.com/reading-plans/13630-bibleproject-old-testament-in-a-year/day/223
224,Psalms 118; Psalms 119; Psalms 120,https://www.bible.com/reading-plans/13630-bibleproject-old-testament-in-a-year/day/224
225,Psalms 121; Psalms 122; Psalms 123,https://www.bible.com/reading-plans/13630-bibleproject-old-testament-in-a-year/day/225
226,Psalms 124; Psalms 125; Psalms 126,https://www.bible.com/reading-plans/13630-bibleproject-old-testament-in-a-year/day/226
227,Psalms 127; Psalms 128; Psalms 129,https://www.bible.com/reading-plans/13630-bibleproject-old-testament-in-a-year/day/227
228,Psalms 130; Psalms 131; Psalms 132,https://www.bible.com/reading-plans/13630-bibleproject-old-testament-in-a-year/day/228
229,Psalms 133; Psalms 134; Psalms 135,https://www.bible.com/reading-plans/13630-bibleproject-old-testament-in-a-year/day/229
230,Psalms 136; Psalms 137; Psalms 138,https://www.bible.com/reading-plans/13630-bibleproject-old-testament-in-a-year/day/230
231,Psalms 139; Psalms 140; Psalms 141,https://www.bible.com/reading-plans/13630-bibleproject-old-testament-in-a-year/day/231
232,Psalms 142; Psalms 143; Psalms 144,https://www.bible.com/reading-plans/13630-bibleproject-old-testament-in-a-year/day/232
233,Psalms 145; Psalms 146; Psalms 147,https://www.bible.com/reading-plans/13630-bibleproject-old-testament-in-a-year/day/233
234,Psalms 148; Psalms 149; Psalms 150,https://www.bible.com/reading-plans/13630-bibleproject-old-testament-in-a-year/day/234
235,Proverbs 1; Proverbs 2; Proverbs 3,https://www.bible.com/reading-plans/13630-bibleproject-old-testament-in-a-year/day/235
236,Proverbs 4; Proverbs 5; Proverbs 6,https://www.bible.com/reading-plans/13630-bibleproject-old-testament-in-a-year/day/236
237,Proverbs 7; Proverbs 8; Proverbs 9,https://www.bible.com/reading-plans/13630-bibleproject-old-testament-in-a-year/day/237
238,Proverbs 10; Proverbs 11; Proverbs 12,https://www.bible.com/reading-plans/13630-bibleproject-old-testament-in-a-year/day/238
239,Proverbs 13; Proverbs 14; Proverbs 15,https://www.bible.com/reading-plans/13630-bibleproject-old-testament-in-a-year/day/239
240,Proverbs 16; Proverbs 17; Proverbs 18,https://www.bible.com/reading-plans/13630-bibleproject-old-testament-in-a-year/day/240
241,Proverbs 19; Proverbs 20; Proverbs 21,https://www.bible.com/reading-plans/13630-bibleproject-old-testament-in-a-year/day/241
242,Proverbs 22; Proverbs 23; Proverbs 24,https://www.bible.com/reading-plans/13630-bibleproject-old-testament-in-a-year/day/242
243,Proverbs 25; Proverbs 26; Proverbs 27,https://www.bible.com/reading-plans/13630-bibleproject-old-testament-in-a-year/day/243
244,Proverbs 28; Proverbs 29; Proverbs 30; Proverbs 31,https://www.bible.com/reading-plans/13630-bibleproject-old-testament-in-a-year/day/244
245,Ecclesiastes 1; Ecclesiastes 2; Ecclesiastes 3,https://www.bible.com/reading-plans/13630-bibleproject-old-testament-in-a-year/day/245
246,Ecclesiastes 4; Ecclesiastes 5; Ecclesiastes 6,https://www.bible.com/reading-plans/13630-bibleproject-old-testament-in-a-year/day/246
247,Ecclesiastes 7; Ecclesiastes 8; Ecclesiastes 9,https://www.bible.com/reading-plans/13630-bibleproject-old-testament-in-a-year/day/247
248,Ecclesiastes 10; Ecclesiastes 11; Ecclesiastes 12,https://www.bible.com/reading-plans/13630-bibleproject-old-testament-in-a-year/day/248
249,Song Of Songs 1; Song Of Songs 2; Song Of Songs 3; Song Of Songs 4,https://www.bible.com/reading-plans/13630-bibleproject-old-testament-in-a-year/day/249
250,Song Of Songs 5; Song Of Songs 6; Song Of Songs 7; Song Of Songs 8,https://www.bible.com/reading-plans/13630-bibleproject-old-testament-in-a-year/day/250
251,Isaiah 1; Isaiah 2,https://www.bible.com/reading-plans/13630-bibleproject-old-testament-in-a-year/day/251
252,Isaiah 3; Isaiah 4,https://www.bible.com/reading-plans/13630-bibleproject-old-testament-in-a-year/day/252
253,Isaiah 5; Isaiah 6,https://www.bible.com/reading-plans/13630-bibleproject-old-testament-in-a-year/day/253
254,Isaiah 7; Isaiah 8,https://www.bible.com/reading-plans/13630-bibleproject-old-testament-in-a-year/day/254
255,Isaiah 9; Isaiah 10,https://www.bible.com/reading-plans/13630-bibleproject-old-testament-in-a-year/day/255
256,Isaiah 11; Isaiah 12,https://www.bible.com/reading-plans/13630-bibleproject-old-testament-in-a-year/day/256
257,Isaiah 13; Isaiah 14,https://www.bible.com/reading-plans/13630-bibleproject-old-testament-in-a-year/day/257
258,Isaiah 15; Isaiah 16,https://www.bible.com/reading-plans/13630-bibleproject-old-testament-in-a-year/day/258
259,Isaiah 17; Isaiah 18,https://www.bible.com/reading-plans/13630-bibleproject-old-testament-in-a-year/day/259
260,Isaiah 19; Isaiah 20,https://www.bible.com/reading-plans/13630-bibleproject-old-testament-in-a-year/day/260
261,Isaiah 21; Isaiah 22,https://www.bible.com/reading-plans/13630-bibleproject-old-testament-in-a-year/day/261
262,Isaiah 23; Isaiah 24,https://www.bible.com/reading-plans/13630-bibleproject-old-testament-in-a-year/day/262
263,Isaiah 25; Isaiah 26,https://www.bible.com/reading-plans/13630-bibleproject-old-testament-in-a-year/day/263
264,Isaiah 27; Isaiah 28,https://www.bible.com/reading-plans/13630-bibleproject-old-testament-in-a-year/day/264
265,Isaiah 29; Isaiah 30,https://www.bible.com/reading-plans/13630-bibleproject-old-testament-in-a-year/day/265
266,Isaiah 31; Isaiah 32,https://www.bible.com/reading-plans/13630-bibleproject-old-testament-in-a-year/day/266
267,Isaiah 33; Isaiah 34,https://www.bible.com/reading-plans/13630-bibleproject-old-testament-in-a-year/day/267
268,Isaiah 35; Isaiah 36,https://www.bible.com/reading-plans/13630-bibleproject-old-testament-in-a-year/day/268
269,Isaiah 37; Isaiah 38,https://www.bible.com/reading-plans/13630-bibleproject-old-testament-in-a-year/day/269
270,Isaiah 39; Isaiah 40,https://www.bible.com/reading-plans/13630-bibleproject-old-testament-in-a-year/day/270
271,Isaiah 41; Isaiah 42,https://www.bible.com/reading-plans/13630-bibleproject-old-testament-in-a-year/day/271
272,Isaiah 43; Isaiah 44,https://www.bible.com/reading-plans/13630-bibleproject-old-testament-in-a-year/day/272
273,Isaiah 45; Isaiah 46,https://www.bible.com/reading-plans/13630-bibleproject-old-testament-in-a-year/day/273
274,Isaiah 47; Isaiah 48,https://www.bible.com/reading-plans/13630-bibleproject-old-testament-in-a-year/day/274
275,Isaiah 49; Isaiah 50,https://www.bible.com/reading-plans/13630-bibleproject-old-testament-in-a-year/day/275
276,Isaiah 51; Isaiah 52,https://www.bible.com/reading-plans/13630-bibleproject-old-testament-in-a-year/day/276
277,Isaiah 53; Isaiah 54,https://www.bible.com/reading-plans/13630-bibleproject-old-testament-in-a-year/day/277
278,Isaiah 55; Isaiah 56,https://www.bible.com/reading-plans/13630-bibleproject-old-testament-in-a-year/day/278
279,Isaiah 57; Isaiah 58,https://www.bible.com/reading-plans/13630-bibleproject-old-testament-in-a-year/day/279
280,Isaiah 59; Isaiah 60,https://www.bible.com/reading-plans/13630-bibleproject-old-testament-in-a-year/day/280
281,Isaiah 61; Isaiah 62,https://www.bible.com/reading-plans/13630-bibleproject-old-testament-in-a-year/day/281
282,Isaiah 63; Isaiah 64,https://www.bible.com/reading-plans/13630-bibleproject-old-testament-in-a-year/day/282
283,Isaiah 65; Isaiah 66,https://www.bible.com/reading-plans/13630-bibleproject-old-testament-in-a-year/day/283
284,Jeremiah 1; Jeremiah 2,https://www.bible.com/reading-plans/13630-bibleproject-old-testament-in-a-year/day/284
285,Jeremiah 3; Jeremiah 4,https://www.bible.com/reading-plans/13630-bibleproject-old-testament-in-a-year/day/285
286,Jeremiah 5; Jeremiah 6,https://www.bible.com/reading-plans/13630-bibleproject-old-testament-in-a-year/day/286
287,Jeremiah 7; Jeremiah 8,https://www.bible.com/reading-plans/13630-bibleproject-old-testament-in-a-year/day/287
288,Jeremiah 9; Jeremiah 10,https://www.bible.com/reading-plans/13630-bibleproject-old-testament-in-a-year/day/288
289,Jeremiah 11; Jeremiah 12,https://www.bible.com/reading-plans/13630-bibleproject-old-testament-in-a-year/day/289
290,Jeremiah 13; Jeremiah 14,https://www.bible.com/reading-plans/13630-bibleproject-old-testament-in-a-year/day/290
291,Jeremiah 15; Jeremiah 16,https://www.bible.com/reading-plans/13630-bibleproject-old-testament-in-a-year/day/291
292,Jeremiah 17; Jeremiah 18,https://www.bible.com/reading-plans/13630-bibleproject-old-testament-in-a-year/day/292
293,Jeremiah 19; Jeremiah 20,https://www.bible.com/reading-plans/13630-bibleproject-old-testament-in-a-year/day/293
294,Jeremiah 21; Jeremiah 22,https://www.bible.com/reading-plans/13630-bibleproject-old-testament-in-a-year/day/294
295,Jeremiah 23; Jeremiah 24,https://www.bible.com/reading-plans/13630-bibleproject-old-testament-in-a-year/day/295
296,Jeremiah 25; Jeremiah 26,https://www.bible.com/reading-plans/13630-bibleproject-old-testament-in-a-year/day/296
297,Jeremiah 27; Jeremiah 28,https://www.bible.com/reading-plans/13630-bibleproject-old-testament-in-a-year/day/297
298,Jeremiah 29; Jeremiah 30,https://www.bible.com/reading-plans/13630-bibleproject-old-testament-in-a-year/day/298
299,Jeremiah 31; Jeremiah 32,https://www.bible.com/reading-plans/13630-bibleproject-old-testament-in-a-year/day/299
300,Jeremiah 33; Jeremiah 34,https://www.bible.com/reading-plans/13630-bibleproject-old-testament-in-a-year/day/300
301,Jeremiah 35; Jeremiah 36,https://www.bible.com/reading-plans/13630-bibleproject-old-testament-in-a-year/day/301
302,Jeremiah 37; Jeremiah 38,https://www.bible.com/reading-plans/13630-bibleproject-old-testament-in-a-year/day/302
303,Jeremiah 39; Jeremiah 40,https://www.bible.com/reading-plans/13630-bibleproject-old-testament-in-a-year/day/303
304,Jeremiah 41; Jeremiah 42,https://www.bible.com/reading-plans/13630-bibleproject-old-testament-in-a-year/day/304
305,Jeremiah 43; Jeremiah 44,https://www.bible.com/reading-plans/13630-bibleproject-old-testament-in-a-year/day/305
306,Jeremiah 45; Jeremiah 46,https://www.bible.com/reading-plans/13630-bibleproject-old-testament-in-a-year/day/306
307,Jeremiah 47; Jeremiah 48,https://www.bible.com/reading-plans/13630-bibleproject-old-testament-in-a-year/day/307
308,Jeremiah 49; Jeremiah 50,https://www.bible.com/reading-plans/13630-bibleproject-old-testament-in-a-year/day/308
309,Jeremiah 51; Jeremiah 52,https://www.bible.com/reading-plans/13630-bibleproject-old-testament-in-a-year/day/309
310,Lamentations 1; Lamentations 2,https://www.bible.com/reading-plans/13630-bibleproject-old-testament-in-a-year/day/310
311,Lamentations 3; Lamentations 4; Lamentations 5,https://www.bible.com/reading-plans/13630-bibleproject-old-testament-in-a-year/day/311
312,Ezekiel 1; Ezekiel 2,https://www.bible.com/reading-plans/13630-bibleproject-old-testament-in-a-year/day/312
313,Ezekiel 3; Ezekiel 4,https://www.bible.com/reading-plans/13630-bibleproject-old-testament-in-a-year/day/313
314,Ezekiel 5; Ezekiel 6,https://www.bible.com/reading-plans/13630-bibleproject-old-testament-in-a-year/day/314
315,Ezekiel 7; Ezekiel 8,https://www.bible.com/reading-plans/13630-bibleproject-old-testament-in-a-year/day/315
316,Ezekiel 9; Ezekiel 10,https://www.bible.com/reading-plans/13630-bibleproject-old-testament-in-a-year/day/316
317,Ezekiel 11; Ezekiel 12,https://www.bible.com/reading-plans/13630-bibleproject-old-testament-in-a-year/day/317
318,Ezekiel 13; Ezekiel 14,https://www.bible.com/reading-plans/13630-bibleproject-old-testament-in-a-year/day/318
319,Ezekiel 15; Ezekiel 16,https://www.bible.com/reading-plans/13630-bibleproject-old-testament-in-a-year/day/319
320,Ezekiel 17; Ezekiel 18,https://www.bible.com/reading-plans/13630-bibleproject-old-testament-in-a-year/day/320
321,Ezekiel 19; Ezekiel 20,https://www.bible.com/reading-plans/13630-bibleproject-old-testament-in-a-year/day/321
322,Ezekiel 21; Ezekiel 22,https://www.bible.com/reading-plans/13630-bibleproject-old-testament-in-a-year/day/322
323,Ezekiel 23; Ezekiel 24,https://www.bible.com/reading-plans/13630-bibleproject-old-testament-in-a-year/day/323
324,Ezekiel 25; Ezekiel 26,https://www.bible.com/reading-plans/13630-bibleproject-old-testament-in-a-year/day/324
325,Ezekiel 27; Ezekiel 28,https://www.bible.com/reading-plans/13630-bibleproject-old-testament-in-a-year/day/325
326,Ezekiel 29; Ezekiel 30,https://www.bible.com/reading-plans/13630-bibleproject-old-testament-in-a-year/day/326
327,Ezekiel 31; Ezekiel 32,https://www.bible.com/reading-plans/13630-bibleproject-old-testament-in-a-year/day/327
328,Ezekiel 33; Ezekiel 34,https://www.bible.com/reading-plans/13630-bibleproject-old-testament-in-a-year/day/328
329,Ezekiel 35; Ezekiel 36,https://www.bible.com/reading-plans/13630-bibleproject-old-testament-in-a-year/day/329
330,Ezekiel 37; Ezekiel 38,https://www.bible.com/reading-plans/13630-bibleproject-old-testament-in-a-year/day/330
331,Ezekiel 39; Ezekiel 40,https://www.bible.com/reading-plans/13630-bibleproject-old-testament-in-a-year/day/331
332,Ezekiel 41; Ezekiel 42,https://www.bible.com/reading-plans/13630-bibleproject-old-testament-in-a-year/day/332
333,Ezekiel 43; Ezekiel 44,https://www.bible.com/reading-plans/13630-bibleproject-old-testament-in-a-year/day/333
334,Ezekiel 45; Ezekiel 46,https://www.bible.com/reading-plans/13630-bibleproject-old-testament-in-a-year/day/334
335,Ezekiel 47; Ezekiel 48,https://www.bible.com/reading-plans/13630-bibleproject-old-testament-in-a-year/day/335
336,Daniel 1; Daniel 2,https://www.bible.com/reading-plans/13630-bibleproject-old-testament-in-a-year/day/336
337,Daniel 3; Daniel 4,https://www.bible.com/reading-plans/13630-bibleproject-old-testament-in-a-year/day/337
338,Daniel 5; Daniel 6,https://www.bible.com/reading-plans/13630-bibleproject-old-testament-in-a-year/day/338
339,Daniel 7; Daniel 8,https://www.bible.com/reading-plans/13630-bibleproject-old-testament-in-a-year/day/339
340,Daniel 9; Daniel 10,https://www.bible.com/reading-plans/13630-bibleproject-old-testament-in-a-year/day/340
341,Daniel 11; Daniel 12,https://www.bible.com/reading-plans/13630-bibleproject-old-testament-in-a-year/day/341
342,Hosea 1; Hosea 2; Hosea 3,https://www.bible.com/reading-plans/13630-bibleproject-old-testament-in-a-year/day/342
343,Hosea 4; Hosea 5; Hosea 6; Hosea 7,https://www.bible.com/reading-plans/13630-bibleproject-old-testament-in-a-year/day/343
344,Hosea 8; Hosea 9; Hosea 10,https://www.bible.com/reading-plans/13630-bibleproject-old-testament-in-a-year/day/344
345,Hosea 11; Hosea 12; Hosea 13; Hosea 14,https://www.bible.com/reading-plans/13630-bibleproject-old-testament-in-a-year/day/345
346,Joel 1; Joel 2; Joel 3,https://www.bible.com/reading-plans/13630-bibleproject-old-testament-in-a-year/day/346
347,Amos 1; Amos 2; Amos 3,https://www.bible.com/reading-plans/13630-bibleproject-old-testament-in-a-year/day/347
348,Amos 4; Amos 5; Amos 6,https://www.bible.com/reading-plans/13630-bibleproject-old-testament-in-a-year/day/348
349,Amos 7; Amos 8; Amos 9,https://www.bible.com/reading-plans/13630-bibleproject-old-testament-in-a-year/day/349
350,Obadiah 1,https://www.bible.com/reading-plans/13630-bibleproject-old-testament-in-a-year/day/350
351,Jonah 1; Jonah 2; Jonah 3; Jonah 4,https://www.bible.com/reading-plans/13630-bibleproject-old-testament-in-a-year/day/351
352,Micah 1; Micah 2; Micah 3,https://www.bible.com/reading-plans/13630-bibleproject-old-testament-in-a-year/day/352
353,Micah 4; Micah 5,https://www.bible.com/reading-plans/13630-bibleproject-old-testament-in-a-year/day/353
354,Micah 6; Micah 7,https://www.bible.com/reading-plans/13630-bibleproject-old-testament-in-a-year/day/354
355,Nahum 1; Nahum 2; Nahum 3,https://www.bible.com/reading-plans/13630-bibleproject-old-testament-in-a-year/day/355
356,Habakkuk 1; Habakkuk 2; Habakkuk 3,https://www.bible.com/reading-plans/13630-bibleproject-old-testament-in-a-year/day/356
357,Zephaniah 1; Zephaniah 2; Zephaniah 3,https://www.bible.com/reading-plans/13630-bibleproject-old-testament-in-a-year/day/357
358,Haggai 1; Haggai 2,https://www.bible.com/reading-plans/13630-bibleproject-old-testament-in-a-year/day/358
359,Zechariah 1; Zechariah 2; Zechariah 3,https://www.bible.com/reading-plans/13630-bibleproject-old-testament-in-a-year/day/359
360,Zechariah 4; Zechariah 5; Zechariah 6,https://www.bible.com/reading-plans/13630-bibleproject-old-testament-in-a-year/day/360
361,Zechariah 7; Zechariah 8,https://www.bible.com/reading-plans/13630-bibleproject-old-testament-in-a-year/day/361
362,Zechariah 9; Zechariah 10,https://www.bible.com/reading-plans/13630-bibleproject-old-testament-in-a-year/day/362
363,Zechariah 11; Zechariah 12,https://www.bible.com/reading-plans/13630-bibleproject-old-testament-in-a-year/day/363
364,Zechariah 13; Zechariah 14,https://www.bible.com/reading-plans/13630-bibleproject-old-testament-in-a-year/day/364
365,Malachi 1; Malachi 2; Malachi 3; Malachi 4,https://www.bible.com/reading-plans/13630-bibleproject-old-testament-in-a-year/day/365
